edge_id,from,to,distance,danger_type,congestion,passable,road_name,instruction,polyline,strategy,variant,path_index,step_index
AM0001,N001,N003,0.088,normal,0.05,true,光复西路,沿光复西路向西南行驶88米向右前方行驶,"121.426277,31.236927;121.426262,31.23692;121.426133,31.236796;121.425935,31.236587;121.425645,31.236346",0,default_fast,0,0
AM0002,N004,N005,0.467,normal,0.05,true,谈家渡路,沿谈家渡路向西南行驶467米右转进入主路,"121.425554,31.236448;121.424535,31.23597;121.424272,31.235847;121.42387,31.235611;121.423483,31.235364;121.423258,31.235246;121.42306,31.235144;121.422706,31.234999;121.422351,31.234849;121.421901,31.234656;121.421724,31.234575;121.421547,31.234511;121.421402,31.234452;121.421236,31.234388",0,default_fast,0,1
AM0003,N006,N007,0.137,normal,0.05,true,曹杨路,沿曹杨路向西北行驶137米右转,"121.421161,31.234356;121.421005,31.234667;121.420898,31.234887;121.420844,31.234999;121.420817,31.235053;121.420619,31.235514",0,default_fast,0,2
AM0004,N007,N008,0.417,normal,0.05,true,普雄路,沿普雄路向东北行驶417米右转,"121.420619,31.235514;121.420898,31.235681;121.421037,31.235761;121.421423,31.235949;121.421499,31.235981;121.421686,31.236078;121.421981,31.236238;121.422185,31.23634;121.422824,31.236641;121.42373,31.237091;121.423784,31.23714;121.424186,31.237467;121.424315,31.23758",0,default_fast,0,3
AM0005,N009,N010,0.681,normal,0.19,true,武宁路桥,沿武宁路桥途径武宁路向东南行驶681米左转,"121.424374,31.237633;121.425597,31.236678;121.425989,31.236373;121.426214,31.236201;121.426783,31.235761;121.42836,31.234543;121.428901,31.23413;121.429711,31.233513",0,default_fast,0,4
AM0006,N011,N012,0.805,fire,0.05,true,长寿路,沿长寿路向东北行驶805米右转,"121.429953,31.233551;121.430414,31.23413;121.430597,31.234361;121.430699,31.234511;121.430795,31.234645;121.43109,31.235123;121.431122,31.235182;121.431525,31.23611;121.431702,31.2364;121.431981,31.236716;121.432147,31.236866;121.432523,31.237161;121.433048,31.237392;121.433655,31.237558;121.434389,31.237741;121.43447,31.237762;121.434936,31.23788;121.435199,31.237966;121.435425,31.238078;121.43565,31.238218;121.435779,31.23832",0,default_fast,0,5
AM0007,N012,N002,0.436,fire,0.05,true,胶州路,沿胶州路向东南行驶436米到达目的地,"121.435779,31.23832;121.435886,31.238186;121.436047,31.238057;121.436251,31.237923;121.43661,31.237762;121.436996,31.237553;121.437377,31.237343;121.437576,31.237226;121.437967,31.237;121.438043,31.236968;121.438445,31.23677;121.43859,31.236673;121.438654,31.236593;121.439024,31.236045;121.439153,31.235874;121.439218,31.235798",0,default_fast,0,6
AM0008,N009,N013,1.039,congestion,0.342,true,武宁路桥,沿武宁路桥途径武宁路、武宁南路向东南行驶1.0千米左转,"121.424374,31.237633;121.425597,31.236678;121.425989,31.236373;121.426214,31.236201;121.426783,31.235761;121.42836,31.234543;121.428901,31.23413;121.429711,31.233513;121.429851,31.233438;121.430457,31.233149;121.430924,31.232923;121.430994,31.232896;121.43124,31.232746;121.431761,31.232333;121.432088,31.231979;121.432324,31.231732;121.432565,31.23147",2,default_shortest,0,4
AM0009,N014,N015,0.786,fire,0.05,true,余姚路,沿余姚路向东北行驶786米右转,"121.432641,31.231545;121.432855,31.23177;121.433021,31.231925;121.433156,31.232049;121.433349,31.232221;121.433536,31.232446;121.433617,31.23251;121.43395,31.232827;121.434245,31.2331;121.43433,31.233181;121.434641,31.23346;121.434883,31.233674;121.435092,31.23383;121.435317,31.233969;121.435441,31.23405;121.435532,31.234114;121.435553,31.23413;121.435682,31.234216;121.435822,31.234307;121.435999,31.234425;121.436165,31.234538;121.436288,31.234618;121.436766,31.234881;121.437211,31.235117;121.437302,31.235155;121.437468,31.23523;121.437748,31.235343;121.437796,31.235364;121.438187,31.23553;121.438429,31.235632;121.438498,31.23567;121.438917,31.235831;121.439153,31.235874",2,default_shortest,0,5
AM0010,N015,N002,0.01,fire,0.05,true,胶州路,沿胶州路向东南行驶10米到达目的地,"121.439153,31.235874;121.439218,31.235798",2,default_shortest,0,6
AM0011,N011,N016,0.47,normal,0.05,true,长寿路,沿长寿路向东北行驶470米左转,"121.429953,31.233551;121.430414,31.23413;121.430597,31.234361;121.430699,31.234511;121.430795,31.234645;121.43109,31.235123;121.431122,31.235182;121.431525,31.23611;121.431702,31.2364;121.431981,31.236716;121.432147,31.236866;121.432523,31.237161",0,via_changshou_direct,0,5
AM0012,N017,N018,0.085,normal,0.05,true,叶家宅路,沿叶家宅路向西行驶85米右转,"121.432292,31.237285;121.432126,31.23736;121.431761,31.237488;121.431466,31.23758",0,via_changshou_direct,0,6
AM0013,N018,N019,0.047,normal,0.15,true,向北行驶47米右转,向北行驶47米右转,"121.431466,31.23758;121.431493,31.237681;121.431584,31.237998",0,via_changshou_direct,0,7
AM0014,N019,N020,0.125,normal,0.15,true,向东北行驶125米向左前方行驶,向东北行驶125米向左前方行驶,"121.431584,31.237998;121.431761,31.237966;121.431793,31.237971;121.431846,31.238025;121.431943,31.238191;121.431991,31.238298;121.432018,31.238379;121.432066,31.238513;121.432158,31.238878",0,via_changshou_direct,0,8
AM0015,N020,N021,0.069,normal,0.15,true,向西北行驶69米到达途经地,向西北行驶69米到达途经地,"121.432158,31.238878;121.432152,31.238958;121.432131,31.23899;121.43211,31.239023;121.43205,31.23906;121.431588,31.239163",0,via_changshou_direct,0,9
AM0016,N021,N022,0.015,normal,0.15,true,向西行驶15米左转,向西行驶15米左转,"121.431588,31.239163;121.431546,31.239173;121.431423,31.239189",0,via_changshou_direct,0,10
AM0017,N022,N023,0.343,fire,0.15,true,向东南行驶343米右转进入主路,向东南行驶343米右转进入主路,"121.431423,31.239189;121.43138,31.239081;121.431353,31.238942;121.431358,31.23877;121.43138,31.238717;121.431412,31.238695;121.4319,31.238561;121.432066,31.238513;121.432549,31.238395;121.432898,31.238309;121.433021,31.238277;121.433225,31.238223;121.433563,31.238138;121.433676,31.238105;121.433955,31.238036;121.434143,31.237976;121.434185,31.237955;121.434282,31.237864",0,via_changshou_direct,0,11
AM0018,N023,N024,0.192,fire,0.05,true,长寿路,沿长寿路向西行驶192米左转调头,"121.434282,31.237864;121.433692,31.237719;121.433129,31.23758;121.432743,31.237419;121.432399,31.237236",0,via_changshou_direct,0,12
AM0019,N016,N012,0.335,fire,0.05,true,长寿路,沿长寿路向东行驶335米右转,"121.432523,31.237161;121.433048,31.237392;121.433655,31.237558;121.434389,31.237741;121.43447,31.237762;121.434936,31.23788;121.435199,31.237966;121.435425,31.238078;121.43565,31.238218;121.435779,31.23832",0,via_changshou_direct,0,13
AM0020,N011,N025,0.983,fire,0.05,true,长寿路,沿长寿路向东北行驶983米到达途经地,"121.429953,31.233551;121.430414,31.23413;121.430597,31.234361;121.430699,31.234511;121.430795,31.234645;121.43109,31.235123;121.431122,31.235182;121.431525,31.23611;121.431702,31.2364;121.431981,31.236716;121.432147,31.236866;121.432523,31.237161;121.433048,31.237392;121.433655,31.237558;121.434389,31.237741;121.43447,31.237762;121.434936,31.23788;121.435199,31.237966;121.435425,31.238078;121.43565,31.238218;121.435779,31.23832;121.435908,31.238459;121.436508,31.239194;121.436857,31.239618;121.436871,31.239631",0,via_changshou_xikang,0,5
AM0021,N025,N026,0.111,fire,0.05,true,长寿路,沿长寿路向东北行驶111米右转进入主路,"121.436871,31.239631;121.437259,31.239978;121.437731,31.24031",0,via_changshou_xikang,0,6
AM0022,N026,N027,0.157,fire,0.05,true,常德路,沿常德路向东南行驶157米右转,"121.437731,31.24031;121.438413,31.239747;121.438643,31.239521;121.438713,31.239457;121.438906,31.239312",0,via_changshou_xikang,0,7
AM0023,N027,N028,0.265,fire,0.05,true,新会路,沿新会路向西南行驶265米左转,"121.438906,31.239312;121.438595,31.239055;121.438563,31.239028;121.438525,31.239001;121.43838,31.238883;121.438236,31.23876;121.438198,31.238728;121.437871,31.238449;121.437651,31.238288;121.437447,31.238121;121.437136,31.23773;121.436996,31.237553",0,via_changshou_xikang,0,8
AM0024,N028,N002,0.291,fire,0.05,true,胶州路,沿胶州路向东南行驶291米到达目的地,"121.436996,31.237553;121.437377,31.237343;121.437576,31.237226;121.437967,31.237;121.438043,31.236968;121.438445,31.23677;121.43859,31.236673;121.438654,31.236593;121.439024,31.236045;121.439153,31.235874;121.439218,31.235798",0,via_changshou_xikang,0,9
AM0025,N001,N029,1.425,normal,0.05,true,光复西路,沿光复西路向东北行驶1.4千米左转,"121.426277,31.236927;121.426391,31.236984;121.42704,31.23722;121.427298,31.237488;121.427421,31.237585;121.42792,31.237885;121.428156,31.237993;121.428773,31.23825;121.429009,31.238325;121.429084,31.238379;121.429196,31.238454;121.429358,31.238556;121.42954,31.238668;121.429626,31.238722;121.429695,31.238765;121.429733,31.238786;121.429883,31.238878;121.430264,31.239114;121.430339,31.239178;121.430377,31.239253;121.430377,31.239355;121.430345,31.239511;121.430312,31.23964;121.430286,31.23979;121.430259,31.240079;121.4302,31.240246;121.430146,31.240385;121.429867,31.241104;121.429636,31.241705;121.429358,31.242343;121.429341,31.24237;121.429309,31.242445;121.429298,31.242472;121.429256,31.242585;121.429052,31.243148;121.428955,31.243346;121.428875,31.243523;121.428762,31.243802;121.428741,31.24391;121.428735,31.244199;121.428757,31.244285;121.428853,31.244516;121.429003,31.244677;121.429057,31.244714;121.429266,31.244843;121.429454,31.244923;121.429701,31.244999;121.430125,31.245068;121.430409,31.245116;121.430822,31.245186;121.430972,31.245213;121.431535,31.24531;121.431675,31.245331;121.432361,31.245428",0,via_yichang_north,0,0
AM0026,N030,N031,0.091,normal,0.05,true,镇坪路辅路,沿镇坪路辅路向西北行驶91米向左前方行驶进入主路,"121.432592,31.24546;121.432437,31.245782;121.43234,31.245991;121.432222,31.246232",0,via_yichang_north,0,1
AM0027,N031,N032,0.253,normal,0.05,true,镇坪路,沿镇坪路向西北行驶253米左转调头,"121.432222,31.246232;121.432045,31.246393;121.431788,31.246806;121.431423,31.247348;121.431208,31.24759;121.43116,31.247633;121.430865,31.24796;121.430747,31.248088;121.430704,31.248137",0,via_yichang_north,0,2
AM0028,N033,N034,0.555,normal,0.05,true,镇坪路,沿镇坪路途径镇坪路桥向东南行驶555米左转,"121.43064,31.248056;121.431096,31.247552;121.431412,31.247182;121.431718,31.246763;121.432077,31.246173;121.432345,31.245621;121.432372,31.245556;121.432469,31.245363;121.432549,31.245116;121.43263,31.24487;121.432694,31.244623;121.432903,31.243775;121.433011,31.243507",0,via_yichang_north,0,3
AM0029,N035,N036,0.213,normal,0.05,true,宜昌路,沿宜昌路向东北行驶213米向右前方行驶,"121.43307,31.243534;121.433182,31.243598;121.433252,31.243658;121.433424,31.243872;121.433574,31.244071;121.433751,31.24428;121.433788,31.244328;121.434062,31.24465;121.434132,31.244741;121.434207,31.244832;121.4344,31.245095",0,via_yichang_north,0,4
AM0030,N037,N038,0.244,normal,0.05,true,宜昌路,沿宜昌路向东北行驶244米左转,"121.434684,31.244966;121.434829,31.245116;121.434851,31.245138;121.435173,31.245358;121.435966,31.245895;121.436186,31.246061;121.436632,31.246415",0,via_yichang_north,0,5
AM0031,N038,N039,0.039,normal,0.15,true,向西北行驶39米右转,向西北行驶39米右转,"121.436632,31.246415;121.436498,31.24649;121.436305,31.24664",0,via_yichang_north,0,6
AM0032,N039,N040,0.12,normal,0.15,true,向东北行驶120米到达途经地,向东北行驶120米到达途经地,"121.436305,31.24664;121.436503,31.24664;121.436605,31.246656;121.436701,31.246715;121.436781,31.246823;121.43697,31.247133;121.437061,31.247252;121.437066,31.247338;121.437054,31.247353",0,via_yichang_north,0,7
AM0033,N040,N041,0.044,normal,0.15,true,向西北行驶44米左转调头,向西北行驶44米左转调头,"121.437054,31.247353;121.436793,31.247681",0,via_yichang_north,0,8
AM0034,N041,N039,0.164,normal,0.15,true,向西南行驶164米向左后方行驶,向西南行驶164米向左后方行驶,"121.436793,31.247681;121.437066,31.247338;121.437061,31.247252;121.43697,31.247134;121.436782,31.246823;121.436701,31.246715;121.436605,31.246656;121.436503,31.24664;121.436305,31.24664",0,via_yichang_north,0,9
AM0035,N039,N038,0.039,normal,0.15,true,向东南行驶39米左转,向东南行驶39米左转,"121.436305,31.24664;121.436498,31.24649;121.436632,31.246415",0,via_yichang_north,0,10
AM0036,N038,N042,0.052,normal,0.05,true,宜昌路,沿宜昌路向东北行驶52米右转,"121.436632,31.246415;121.436707,31.24649;121.436996,31.24678",0,via_yichang_north,0,11
AM0037,N042,N043,0.566,normal,0.05,true,陕西北路,沿陕西北路向东南行驶566米右转,"121.436996,31.24678;121.437592,31.246334;121.437994,31.245996;121.4383,31.245776;121.438745,31.245412;121.438836,31.245336;121.439067,31.245149;121.439105,31.245116;121.439582,31.244714;121.440038,31.244339;121.440387,31.244055;121.44066,31.243835;121.440757,31.243759;121.441363,31.24326",0,via_yichang_north,0,12
AM0038,N043,N044,0.756,fire,0.05,true,长寿路,沿长寿路向西南行驶756米左转,"121.441363,31.24326;121.44088,31.243035;121.440757,31.24296;121.440644,31.242896;121.440263,31.242617;121.43999,31.242381;121.43977,31.242177;121.439335,31.241791;121.43882,31.241329;121.438686,31.241206;121.438611,31.241147;121.438461,31.241023;121.438091,31.240777;121.437844,31.24061;121.437619,31.240455;121.437318,31.240251;121.437066,31.240047;121.436814,31.239806;121.436739,31.239709;121.4366,31.239538;121.436401,31.23928;121.435688,31.238465",0,via_yichang_north,0,13
AM0039,N009,N045,1.885,normal,0.05,true,武宁路桥,沿武宁路桥途径武宁路、武宁南路向东南行驶1.9千米左转,"121.424374,31.237633;121.425597,31.236678;121.425989,31.236373;121.426214,31.236201;121.426783,31.235761;121.42836,31.234543;121.428901,31.23413;121.429711,31.233513;121.429851,31.233438;121.430457,31.233149;121.430924,31.232923;121.430994,31.232896;121.43124,31.232746;121.431761,31.232333;121.432088,31.231979;121.432324,31.231732;121.432565,31.23147;121.43352,31.23044;121.434261,31.229377;121.434566,31.2289;121.43498,31.22838;121.435081,31.228261;121.435221,31.228138;121.435832,31.227596;121.436433,31.226996;121.436712,31.226776;121.436911,31.226593;121.437173,31.226357;121.437608,31.22595;121.437785,31.225778;121.438096,31.225499",0,via_jingan_temple,0,4
AM0040,N046,N047,0.246,normal,0.05,true,万航渡路,沿万航渡路向东行驶246米右转,"121.43838,31.225472;121.4386,31.225461;121.439126,31.225445;121.439856,31.225488;121.44022,31.225456;121.440483,31.225424;121.440725,31.22537;121.440945,31.225284",0,via_jingan_temple,0,5
AM0041,N047,N048,0.076,normal,0.05,true,乌鲁木齐北路,沿乌鲁木齐北路向西南行驶76米左转,"121.440945,31.225284;121.440805,31.225134;121.440623,31.224963;121.440408,31.224764",0,via_jingan_temple,0,6
AM0042,N048,N049,0.202,normal,0.05,true,乌鲁木齐北路,沿乌鲁木齐北路向东南行驶202米到达途经地,"121.440408,31.224764;121.44058,31.224544;121.440725,31.224388;121.440843,31.224249;121.441159,31.223949;121.441379,31.223761;121.441615,31.223578;121.441723,31.223487;121.441835,31.223387",0,via_jingan_temple,0,7
AM0043,N049,N050,0.018,normal,0.05,true,乌鲁木齐北路,沿乌鲁木齐北路向东南行驶18米向左前方行驶,"121.441835,31.223387;121.441969,31.223267",0,via_jingan_temple,0,8
AM0044,N050,N051,0.396,normal,0.05,true,愚园路,沿愚园路向东行驶396米左转,"121.441969,31.223267;121.442157,31.223316;121.442302,31.223337;121.442624,31.223326;121.44287,31.223267;121.442967,31.22324;121.443166,31.223214;121.443729,31.223176;121.443863,31.22324;121.444045,31.223326;121.44418,31.223396;121.444415,31.223525;121.444501,31.223611;121.444566,31.223696;121.444684,31.223879;121.444871,31.224093;121.444946,31.224163;121.445032,31.224238;121.445225,31.224362;121.445295,31.224394;121.445542,31.224517",0,via_jingan_temple,0,9
AM0045,N051,N002,1.371,fire,0.05,true,胶州路,沿胶州路向西北行驶1.4千米到达目的地,"121.445542,31.224517;121.445413,31.224737;121.44522,31.225011;121.445183,31.225086;121.444904,31.225504;121.44485,31.22559;121.444823,31.225633;121.44471,31.225815;121.444582,31.226014;121.444544,31.226068;121.444399,31.226304;121.444367,31.226357;121.444287,31.226486;121.44426,31.226534;121.444174,31.226685;121.44412,31.22677;121.444072,31.226845;121.443954,31.227028;121.443884,31.22714;121.443836,31.227216;121.443809,31.227264;121.443766,31.227328;121.443686,31.227473;121.443595,31.227607;121.443493,31.227773;121.44338,31.227993;121.44315,31.228562;121.443106,31.228664;121.443058,31.228776;121.442897,31.229173;121.44287,31.229238;121.442849,31.229291;121.442822,31.229361;121.442801,31.22941;121.442667,31.229737;121.442554,31.229994;121.442393,31.230386;121.442355,31.230472;121.442334,31.230541;121.442318,31.2306;121.442264,31.230788;121.442189,31.23104;121.442152,31.231169;121.441991,31.231577;121.441781,31.231952;121.441669,31.232167;121.441481,31.232537;121.441154,31.233095;121.441106,31.233175;121.441025,31.23331;121.440907,31.233524;121.440709,31.233867;121.440591,31.234103;121.440575,31.23413;121.440349,31.234516;121.440145,31.234763;121.439818,31.235117;121.439732,31.235214;121.439561,31.235407;121.439218,31.235798",0,via_jingan_temple,0,10
AM0046,N001,N052,1.959,normal,0.05,true,光复西路,沿光复西路向东北行驶2.0千米右转进入右侧道路,"121.426277,31.236927;121.426391,31.236984;121.42704,31.23722;121.427298,31.237488;121.427421,31.237585;121.42792,31.237885;121.428156,31.237993;121.428773,31.23825;121.429009,31.238325;121.429084,31.238379;121.429196,31.238454;121.429358,31.238556;121.42954,31.238668;121.429626,31.238722;121.429695,31.238765;121.429733,31.238786;121.429883,31.238878;121.430264,31.239114;121.430339,31.239178;121.430377,31.239253;121.430377,31.239355;121.430345,31.239511;121.430312,31.23964;121.430286,31.23979;121.430259,31.240079;121.4302,31.240246;121.430146,31.240385;121.429867,31.241104;121.429636,31.241705;121.429358,31.242343;121.429341,31.24237;121.429309,31.242445;121.429298,31.242472;121.429256,31.242585;121.429052,31.243148;121.428955,31.243346;121.428875,31.243523;121.428762,31.243802;121.428741,31.24391;121.428735,31.244199;121.428757,31.244285;121.428853,31.244516;121.429003,31.244677;121.429057,31.244714;121.429266,31.244843;121.429454,31.244923;121.429701,31.244999;121.430125,31.245068;121.430409,31.245116;121.430822,31.245186;121.430972,31.245213;121.431535,31.24531;121.431675,31.245331;121.432361,31.245428;121.432592,31.24546;121.433268,31.245551;121.433418,31.245573;121.433558,31.245637;121.433676,31.245771;121.433735,31.245916;121.433697,31.246318;121.433692,31.246345;121.433617,31.247058;121.433536,31.247793;121.433515,31.247997;121.433504,31.248083;121.433488,31.24825;121.433456,31.248448;121.433418,31.249;121.433424,31.249387",0,via_jiangning_road,0,0
AM0047,N052,N053,1.41,normal,0.05,true,光复西路,沿光复西路途径江宁路桥、江宁路向东南行驶1.4千米右转,"121.433424,31.249387;121.433906,31.249682;121.434035,31.249735;121.434185,31.249778;121.434475,31.24981;121.434668,31.249784;121.434953,31.249698;121.435237,31.24958;121.435468,31.249467;121.435661,31.249349;121.436412,31.248791;121.436616,31.248678;121.436728,31.248652;121.436975,31.24862;121.437544,31.24863;121.438681,31.248668;121.438826,31.248673;121.438992,31.248657;121.439137,31.24862;121.439266,31.248571;121.439368,31.248507;121.43948,31.24841;121.439609,31.248271;121.439781,31.248078;121.440296,31.24752;121.440338,31.247471;121.440489,31.247311;121.440612,31.247182;121.440714,31.247075;121.441063,31.246705;121.441245,31.24649;121.441438,31.246275;121.44154,31.246163;121.441846,31.245825;121.442173,31.24546;121.442468,31.245116;121.442527,31.245047;121.442581,31.244988;121.44287,31.244677;121.442994,31.244548;121.443428,31.244097;121.443605,31.243979;121.443815,31.243727;121.443911,31.243615;121.444142,31.243346;121.444217,31.243255;121.44456,31.24289",0,via_jiangning_road,0,1
AM0048,N053,N054,0.197,normal,0.05,true,新会路,沿新会路向西南行驶197米左转,"121.44456,31.24289;121.44404,31.242633;121.443788,31.242499;121.443428,31.242338;121.443262,31.242252;121.443123,31.242177;121.44287,31.242043;121.442763,31.241984",0,via_jiangning_road,0,2
AM0049,N054,N055,0.947,normal,0.05,true,陕西北路,沿陕西北路向东南行驶947米到达途经地,"121.442763,31.241984;121.44287,31.241887;121.443031,31.241737;121.443251,31.241533;121.443498,31.241308;121.443568,31.241243;121.443707,31.241109;121.443793,31.241034;121.444051,31.240771;121.44433,31.240476;121.445102,31.239908;121.445655,31.239468;121.446073,31.239001;121.446486,31.238475;121.44699,31.237821;121.447323,31.237419;121.447387,31.237343;121.447929,31.236673;121.448074,31.23648;121.448106,31.236437;121.448519,31.236008;121.448557,31.235965;121.448691,31.23582;121.448932,31.235563;121.449034,31.235455;121.449117,31.235363",0,via_jiangning_road,0,3
AM0050,N055,N056,0.214,normal,0.05,true,陕西北路,沿陕西北路向东南行驶214米右转,"121.449117,31.235363;121.449233,31.235235;121.449329,31.235133;121.449667,31.234763;121.449989,31.234516;121.450107,31.23442;121.450257,31.234302;121.450424,31.234168;121.450472,31.23413;121.45051,31.234098;121.450697,31.233943",0,via_jiangning_road,0,4
AM0051,N056,N057,0.888,normal,0.05,true,武定路,沿武定路向西南行驶888米右转,"121.450697,31.233943;121.450477,31.233787;121.450204,31.233567;121.450134,31.233508;121.449887,31.233336;121.449769,31.233261;121.449496,31.233084;121.449163,31.232832;121.448852,31.232612;121.448653,31.232516;121.448315,31.23236;121.447677,31.232065;121.446969,31.231754;121.446797,31.231679;121.446513,31.23155;121.446373,31.23148;121.445376,31.231003;121.445295,31.230965;121.445048,31.230842;121.444533,31.23067;121.444367,31.230611;121.444083,31.230515;121.444018,31.230493;121.443879,31.23044;121.443525,31.230321;121.443353,31.230257;121.443278,31.23023;121.44287,31.230096;121.442554,31.229994",0,via_jiangning_road,0,5
AM0052,N057,N002,0.714,fire,0.05,true,胶州路,沿胶州路向西北行驶714米到达目的地,"121.442554,31.229994;121.442393,31.230386;121.442355,31.230472;121.442334,31.230541;121.442318,31.2306;121.442264,31.230788;121.442189,31.23104;121.442152,31.231169;121.441991,31.231577;121.441781,31.231952;121.441669,31.232167;121.441481,31.232537;121.441154,31.233095;121.441106,31.233175;121.441025,31.23331;121.440907,31.233524;121.440709,31.233867;121.440591,31.234103;121.440575,31.23413;121.440349,31.234516;121.440145,31.234763;121.439818,31.235117;121.439732,31.235214;121.439561,31.235407;121.439218,31.235798",0,via_jiangning_road,0,6
AM0053,N052,N058,1.88,normal,0.05,true,光复西路,沿光复西路途径江宁路桥、江宁路向东南行驶1.9千米到达途经地,"121.433424,31.249387;121.433906,31.249682;121.434035,31.249735;121.434185,31.249778;121.434475,31.24981;121.434668,31.249784;121.434953,31.249698;121.435237,31.24958;121.435468,31.249467;121.435661,31.249349;121.436412,31.248791;121.436616,31.248678;121.436728,31.248652;121.436975,31.24862;121.437544,31.24863;121.438681,31.248668;121.438826,31.248673;121.438992,31.248657;121.439137,31.24862;121.439266,31.248571;121.439368,31.248507;121.43948,31.24841;121.439609,31.248271;121.439781,31.248078;121.440296,31.24752;121.440338,31.247471;121.440489,31.247311;121.440612,31.247182;121.440714,31.247075;121.441063,31.246705;121.441245,31.24649;121.441438,31.246275;121.44154,31.246163;121.441846,31.245825;121.442173,31.24546;121.442468,31.245116;121.442527,31.245047;121.442581,31.244988;121.44287,31.244677;121.442994,31.244548;121.443428,31.244097;121.443605,31.243979;121.443815,31.243727;121.443911,31.243615;121.444142,31.243346;121.444217,31.243255;121.44456,31.24289;121.444963,31.242472;121.445333,31.242064;121.445676,31.241732;121.445955,31.241447;121.446352,31.241061;121.446577,31.240857;121.446824,31.240632;121.447248,31.240213;121.447275,31.240138;121.447754,31.239638",0,via_beijingwest_jiangning,0,1
AM0054,N058,N059,0.054,normal,0.05,true,江宁路,沿江宁路向东南行驶54米右转,"121.447754,31.239638;121.448036,31.239312;121.448117,31.239264",0,via_beijingwest_jiangning,0,2
AM0055,N059,N015,0.926,fire,0.05,true,海防路,沿海防路途径余姚路向西行驶926米左转,"121.448117,31.239264;121.447758,31.239092;121.447446,31.238942;121.446733,31.238604;121.446486,31.238475;121.446116,31.238309;121.445901,31.238196;121.445848,31.23817;121.445644,31.238073;121.445478,31.237993;121.445365,31.237944;121.445188,31.237864;121.445108,31.237821;121.444914,31.23773;121.444131,31.237365;121.443369,31.237102;121.44323,31.237054;121.44287,31.236936;121.441969,31.236646;121.441358,31.236475;121.441025,31.236362;121.440923,31.236356;121.440558,31.236249;121.440081,31.23611;121.440006,31.236088;121.439823,31.236035;121.439577,31.23596;121.439271,31.235922;121.439153,31.235874",0,via_beijingwest_jiangning,0,3
AM0056,N052,N060,2.471,normal,0.05,true,光复西路,沿光复西路途径江宁路桥、江宁路向东南行驶2.5千米左转,"121.433424,31.249387;121.433906,31.249682;121.434035,31.249735;121.434185,31.249778;121.434475,31.24981;121.434668,31.249784;121.434953,31.249698;121.435237,31.24958;121.435468,31.249467;121.435661,31.249349;121.436412,31.248791;121.436616,31.248678;121.436728,31.248652;121.436975,31.24862;121.437544,31.24863;121.438681,31.248668;121.438826,31.248673;121.438992,31.248657;121.439137,31.24862;121.439266,31.248571;121.439368,31.248507;121.43948,31.24841;121.439609,31.248271;121.439781,31.248078;121.440296,31.24752;121.440338,31.247471;121.440489,31.247311;121.440612,31.247182;121.440714,31.247075;121.441063,31.246705;121.441245,31.24649;121.441438,31.246275;121.44154,31.246163;121.441846,31.245825;121.442173,31.24546;121.442468,31.245116;121.442527,31.245047;121.442581,31.244988;121.44287,31.244677;121.442994,31.244548;121.443428,31.244097;121.443605,31.243979;121.443815,31.243727;121.443911,31.243615;121.444142,31.243346;121.444217,31.243255;121.44456,31.24289;121.444963,31.242472;121.445333,31.242064;121.445676,31.241732;121.445955,31.241447;121.446352,31.241061;121.446577,31.240857;121.446824,31.240632;121.447248,31.240213;121.447275,31.240138;121.447758,31.239634;121.448036,31.239312;121.448117,31.239264;121.448406,31.238937;121.448568,31.238733;121.448782,31.238475;121.449216,31.237971;121.449345,31.237816;121.449909,31.23721;121.449989,31.237118;121.450268,31.236791;121.450402,31.236646;121.450585,31.236442;121.450654,31.236367;121.450976,31.236018;121.451191,31.235766;121.451427,31.235514;121.451577,31.235391",0,via_hengfeng_east,0,1
AM0057,N060,N061,0.503,normal,0.05,true,康定路,沿康定路途径康定东路向东北行驶503米右转,"121.451577,31.235391;121.452033,31.235568;121.45258,31.235756;121.452966,31.235863;121.453422,31.235986;121.453798,31.23618;121.454093,31.236335;121.455235,31.236946;121.455702,31.23721;121.455986,31.237338;121.456137,31.237403;121.456314,31.23744",0,via_hengfeng_east,0,2
AM0058,N061,N062,0.076,normal,0.05,true,康定东路,沿康定东路向东南行驶76米左转,"121.456314,31.23744;121.456426,31.23744;121.456512,31.237419;121.456593,31.23737;121.456673,31.237274;121.456711,31.23722;121.456775,31.237124;121.456823,31.23707;121.456909,31.237022",0,via_hengfeng_east,0,3
AM0059,N062,N063,0.162,normal,0.05,true,康定东路,沿康定东路向东北行驶162米向右前方行驶,"121.456909,31.237022;121.457022,31.237027;121.457081,31.237054;121.457456,31.237247;121.457553,31.237295;121.457682,31.23736;121.457993,31.237499;121.458229,31.237606;121.458454,31.237692",0,via_hengfeng_east,0,4
AM0060,N063,N064,0.058,normal,0.05,true,康定东路,沿康定东路向东南行驶58米左转,"121.458454,31.237692;121.458642,31.237644;121.458846,31.237558;121.459007,31.237461",0,via_hengfeng_east,0,5
AM0061,N065,N066,0.04,normal,0.15,true,顺德路,沿顺德路向东北行驶40米到达途经地,"121.459302,31.237563;121.459441,31.237612;121.459683,31.237729",0,via_hengfeng_east,0,6
AM0062,N066,N067,0.015,normal,0.15,true,顺德路,沿顺德路向东北行驶15米左转调头,"121.459683,31.237729;121.459817,31.237794",0,via_hengfeng_east,0,7
AM0063,N067,N065,0.055,normal,0.15,true,顺德路,沿顺德路向西南行驶55米向右前方行驶,"121.459817,31.237794;121.459441,31.237612;121.459302,31.237563",0,via_hengfeng_east,0,8
AM0064,N063,N068,0.219,normal,0.05,true,康定东路,沿康定东路向西行驶219米左转,"121.458454,31.237692;121.458229,31.237606;121.457993,31.237499;121.457682,31.23736;121.457553,31.237295;121.457456,31.237247;121.457081,31.237054;121.457022,31.237027;121.456909,31.237022;121.456823,31.23707;121.456775,31.237124;121.456711,31.23722;121.456673,31.237274;121.456593,31.23737;121.456512,31.237419",0,via_hengfeng_east,0,10
AM0065,N068,N069,0.336,normal,0.05,true,康定东路,沿康定东路途径康定路向西南行驶336米右转,"121.456512,31.237419;121.456426,31.23744;121.456314,31.23744;121.456137,31.237403;121.455986,31.237338;121.455702,31.23721;121.455235,31.236946;121.454093,31.236335;121.453798,31.23618;121.453422,31.235986",0,via_hengfeng_east,0,11
AM0066,N069,N070,0.263,normal,0.05,true,昌化路,沿昌化路向西北行驶263米左转进入主路,"121.453422,31.235986;121.453202,31.236206;121.452306,31.237011;121.45199,31.23729;121.451867,31.237397;121.451507,31.237708",0,via_hengfeng_east,0,12
AM0067,N071,N072,1.095,fire,0.05,true,昌平路,沿昌平路向西行驶1.1千米右转,"121.451346,31.237853;121.450327,31.237403;121.45022,31.237338;121.449909,31.23721;121.449458,31.237;121.448476,31.23663;121.448074,31.23648;121.447656,31.236324;121.447495,31.236265;121.447125,31.236131;121.44654,31.235916;121.445563,31.235563;121.445472,31.23552;121.445236,31.235439;121.445059,31.235375;121.444871,31.23531;121.444673,31.235246;121.444458,31.235176;121.444351,31.235139;121.444201,31.23509;121.4439,31.234983;121.443691,31.234913;121.443477,31.234849;121.44331,31.234785;121.443133,31.23472;121.44287,31.23464;121.442801,31.234618;121.442452,31.234511;121.442173,31.234431;121.442034,31.234388;121.441588,31.234216;121.441401,31.234141;121.441368,31.23413;121.441218,31.234076;121.44087,31.233953;121.440709,31.233867",0,via_hengfeng_east,0,13
AM0068,N072,N002,0.255,fire,0.05,true,胶州路,沿胶州路向西北行驶255米到达目的地,"121.440709,31.233867;121.440591,31.234103;121.440575,31.23413;121.440349,31.234516;121.440145,31.234763;121.439818,31.235117;121.439732,31.235214;121.439561,31.235407;121.439218,31.235798",0,via_hengfeng_east,0,14
AM0069,N046,N073,0.43,normal,0.05,true,万航渡路,沿万航渡路向东行驶430米左转,"121.43838,31.225472;121.4386,31.225461;121.439126,31.225445;121.439856,31.225488;121.44022,31.225456;121.440483,31.225424;121.440725,31.22537;121.440945,31.225284;121.441433,31.225134;121.441867,31.225011;121.442055,31.224952;121.442248,31.224893;121.442436,31.224828;121.442769,31.224683",0,via_nanjing_west_road,0,5
AM0070,N074,N075,1.005,normal,0.05,true,北京西路,沿北京西路向东北行驶1.0千米到达途经地,"121.442908,31.224737;121.443375,31.225118;121.44345,31.225177;121.443552,31.225258;121.443868,31.225499;121.444142,31.225708;121.444405,31.225906;121.444582,31.226014;121.445403,31.226416;121.445574,31.226497;121.445918,31.226663;121.446277,31.226829;121.446942,31.227124;121.447049,31.227178;121.447575,31.227393;121.448047,31.227586;121.448122,31.227618;121.44861,31.227827;121.4492,31.228079;121.44993,31.22839;121.450279,31.228535;121.450381,31.228578;121.45045,31.228616;121.450745,31.228744;121.45081,31.228776;121.451373,31.229013;121.451818,31.229157;121.45211,31.229248",0,via_nanjing_west_road,0,6
AM0071,N075,N076,0.307,normal,0.05,true,北京西路,沿北京西路向东行驶307米左转进入主路,"121.45211,31.229248;121.45213,31.229254;121.452773,31.229447;121.45324,31.229586;121.4539,31.229796;121.454248,31.229903;121.454447,31.229962;121.455166,31.230193",0,via_nanjing_west_road,0,7
AM0072,N077,N078,0.901,normal,0.05,true,江宁路,沿江宁路向西北行驶901米左转,"121.45515,31.230263;121.454903,31.230692;121.454796,31.23088;121.454683,31.231078;121.454635,31.231164;121.454468,31.231426;121.454329,31.231625;121.454221,31.231823;121.454093,31.232065;121.454055,31.232135;121.453675,31.232714;121.453288,31.233304;121.453176,31.233454;121.453116,31.233546;121.452784,31.234093;121.452763,31.23413;121.452564,31.234479;121.452457,31.234624;121.452387,31.234688;121.452038,31.234999;121.451931,31.235101;121.451577,31.235391;121.451427,31.235514;121.451191,31.235766;121.450976,31.236018;121.450654,31.236367;121.450585,31.236442;121.450402,31.236646;121.450268,31.236791;121.449989,31.237118",0,via_nanjing_west_road,0,8
AM0073,N079,N072,0.941,fire,0.05,true,昌平路,沿昌平路向西行驶941米右转,"121.449909,31.23721;121.449458,31.237;121.448476,31.23663;121.448074,31.23648;121.447656,31.236324;121.447495,31.236265;121.447125,31.236131;121.44654,31.235916;121.445563,31.235563;121.445472,31.23552;121.445236,31.235439;121.445059,31.235375;121.444871,31.23531;121.444673,31.235246;121.444458,31.235176;121.444351,31.235139;121.444201,31.23509;121.4439,31.234983;121.443691,31.234913;121.443477,31.234849;121.44331,31.234785;121.443133,31.23472;121.44287,31.23464;121.442801,31.234618;121.442452,31.234511;121.442173,31.234431;121.442034,31.234388;121.441588,31.234216;121.441401,31.234141;121.441368,31.23413;121.441218,31.234076;121.44087,31.233953;121.440709,31.233867",0,via_nanjing_west_road,0,9
AM0074,N009,N080,1.185,normal,0.05,true,武宁路桥,沿武宁路桥途径武宁路、武宁南路向东南行驶1.2千米左转,"121.424374,31.237633;121.425597,31.236678;121.425989,31.236373;121.426214,31.236201;121.426783,31.235761;121.42836,31.234543;121.428901,31.23413;121.429711,31.233513;121.429851,31.233438;121.430457,31.233149;121.430924,31.232923;121.430994,31.232896;121.43124,31.232746;121.431761,31.232333;121.432088,31.231979;121.432324,31.231732;121.432565,31.23147;121.43352,31.23044",0,via_changde_wuding,0,4
AM0075,N081,N082,0.557,fire,0.05,true,康定路,沿康定路向东行驶557米右转,"121.433655,31.230423;121.433917,31.230525;121.434588,31.230799;121.43477,31.230826;121.434851,31.230826;121.435076,31.230788;121.435339,31.230751;121.43557,31.230713;121.435966,31.230649;121.436133,31.230627;121.43653,31.230579;121.43682,31.230552;121.437163,31.230531;121.437275,31.230552;121.437726,31.230724;121.437806,31.230756;121.437887,31.230788;121.438037,31.230853;121.438246,31.230933;121.438327,31.230965;121.438702,31.231137;121.439228,31.231389",0,via_changde_wuding,0,5
AM0076,N082,N083,0.098,fire,0.05,true,延平路,沿延平路向东南行驶98米左转,"121.439228,31.231389;121.439539,31.230933;121.439765,31.230616",0,via_changde_wuding,0,6
AM0077,N083,N084,0.424,fire,0.05,true,康定路,沿康定路向东北行驶424米左转,"121.439765,31.230616;121.440333,31.230874;121.440451,31.230922;121.440558,31.230971;121.440666,31.231013;121.440714,31.23104;121.440977,31.231148;121.441159,31.231223;121.441277,31.231276;121.44139,31.231325;121.441556,31.231395;121.441991,31.231577;121.44234,31.231765;121.442468,31.231829;121.442559,31.231866;121.44287,31.232006;121.442908,31.232022;121.443225,31.232167;121.443423,31.232253;121.443793,31.232403",0,via_changde_wuding,0,7
AM0078,N085,N086,0.179,fire,0.05,true,常德路,沿常德路向西北行驶179米右转,"121.44389,31.23244;121.443273,31.233015;121.442892,31.233368;121.44287,31.23339;121.442736,31.23353;121.44264,31.233663",0,via_changde_wuding,0,8
AM0079,N086,N087,0.006,fire,0.15,true,向东行驶6米到达途经地,向东行驶6米到达途经地,"121.44264,31.233663;121.442695,31.233683",0,via_changde_wuding,0,9
AM0080,N087,N088,0.002,fire,0.15,true,向东行驶2米左转调头,向东行驶2米左转调头,"121.442695,31.233683;121.442715,31.23369",0,via_changde_wuding,0,10
AM0081,N088,N086,0.007,fire,0.15,true,向西行驶7米右转,向西行驶7米右转,"121.442715,31.23369;121.44264,31.233663",0,via_changde_wuding,0,11
AM0082,N086,N089,0.09,fire,0.05,true,常德路,沿常德路向西北行驶90米左转,"121.44264,31.233663;121.442355,31.23413;121.4422,31.234382",0,via_changde_wuding,0,12
AM0083,N090,N072,0.137,fire,0.05,true,昌平路,沿昌平路向西行驶137米右转,"121.442034,31.234388;121.441588,31.234216;121.441401,31.234141;121.441368,31.23413;121.441218,31.234076;121.44087,31.233953;121.440709,31.233867",0,via_changde_wuding,0,13
AM0084,N033,N091,2.272,fire,0.05,true,镇坪路,沿镇坪路途径镇坪路桥、常德路向东南行驶2.3千米到达途经地,"121.43064,31.248056;121.431096,31.247552;121.431412,31.247182;121.431718,31.246763;121.432077,31.246173;121.432345,31.245621;121.432372,31.245556;121.432469,31.245363;121.432549,31.245116;121.43263,31.24487;121.432694,31.244623;121.432903,31.243775;121.433011,31.243507;121.433123,31.243303;121.433354,31.24289;121.433488,31.242719;121.43373,31.242493;121.433799,31.24244;121.433998,31.242311;121.434175,31.242215;121.43469,31.241951;121.43514,31.241721;121.435344,31.241619;121.435532,31.241528;121.435714,31.24148;121.435848,31.241405;121.436299,31.241152;121.436492,31.241056;121.437222,31.240664;121.437619,31.240455;121.437731,31.24031;121.438413,31.239747;121.438643,31.239521;121.438713,31.239457;121.438906,31.239312;121.43919,31.238948;121.439459,31.238599;121.439512,31.23854;121.439979,31.237955;121.440076,31.237767;121.440462,31.237215;121.440837,31.236566;121.440923,31.236356;121.44095,31.236292;121.441165,31.235895;121.441443,31.235407;121.441674,31.234994;121.441749,31.234876;121.441942,31.234543;121.442066,31.23434;121.442205,31.23413;121.44234,31.233932;121.442565,31.233605;121.442795,31.233347;121.442833,31.233315;121.44287,31.233283;121.443096,31.233073;121.443139,31.233031;121.443203,31.232971;121.443793,31.232403;121.444061,31.232151;121.444396,31.231836",0,via_kangding_changde,0,3
AM0085,N091,N092,0.127,normal,0.05,true,常德路,沿常德路向东南行驶127米右转,"121.444396,31.231836;121.44441,31.231823;121.444839,31.23141;121.445086,31.231164;121.445295,31.230965",0,via_kangding_changde,0,4
AM0086,N092,N057,0.278,normal,0.05,true,武定路,沿武定路向西行驶278米右转,"121.445295,31.230965;121.445048,31.230842;121.444533,31.23067;121.444367,31.230611;121.444083,31.230515;121.444018,31.230493;121.443879,31.23044;121.443525,31.230321;121.443353,31.230257;121.443278,31.23023;121.44287,31.230096;121.442554,31.229994",0,via_kangding_changde,0,5
AM0087,N054,N056,1.16,normal,0.05,true,陕西北路,沿陕西北路向东南行驶1.2千米右转,"121.442763,31.241984;121.44287,31.241887;121.443031,31.241737;121.443251,31.241533;121.443498,31.241308;121.443568,31.241243;121.443707,31.241109;121.443793,31.241034;121.444051,31.240771;121.44433,31.240476;121.445102,31.239908;121.445655,31.239468;121.446073,31.239001;121.446486,31.238475;121.44699,31.237821;121.447323,31.237419;121.447387,31.237343;121.447929,31.236673;121.448074,31.23648;121.448106,31.236437;121.448519,31.236008;121.448557,31.235965;121.448691,31.23582;121.448932,31.235563;121.449034,31.235455;121.449233,31.235235;121.449329,31.235133;121.449667,31.234763;121.449989,31.234516;121.450107,31.23442;121.450257,31.234302;121.450424,31.234168;121.450472,31.23413;121.45051,31.234098;121.450697,31.233943",0,via_changde_wuding_intersection,0,3
AM0088,N056,N093,0.601,normal,0.05,true,武定路,沿武定路向西南行驶601米右转,"121.450697,31.233943;121.450477,31.233787;121.450204,31.233567;121.450134,31.233508;121.449887,31.233336;121.449769,31.233261;121.449496,31.233084;121.449163,31.232832;121.448852,31.232612;121.448653,31.232516;121.448315,31.23236;121.447677,31.232065;121.446969,31.231754;121.446797,31.231679;121.446513,31.23155;121.446373,31.23148;121.445376,31.231003",0,via_changde_wuding_intersection,0,4
AM0089,N093,N094,0.002,normal,0.05,true,常德路,沿常德路向西北行驶2米到达途经地,"121.445376,31.231003;121.445361,31.231016",0,via_changde_wuding_intersection,0,5
AM0090,N094,N089,0.48,fire,0.05,true,常德路,沿常德路向西北行驶480米左转,"121.445361,31.231016;121.444759,31.231604;121.44389,31.23244;121.443273,31.233015;121.442892,31.233368;121.44287,31.23339;121.442736,31.23353;121.44264,31.233663;121.442355,31.23413;121.4422,31.234382",0,via_changde_wuding_intersection,0,6
AM0091,N009,N095,1.657,normal,0.05,true,武宁路桥,沿武宁路桥途径武宁路、武宁南路向东南行驶1.7千米右转,"121.424374,31.237633;121.425597,31.236678;121.425989,31.236373;121.426214,31.236201;121.426783,31.235761;121.42836,31.234543;121.428901,31.23413;121.429711,31.233513;121.429851,31.233438;121.430457,31.233149;121.430924,31.232923;121.430994,31.232896;121.43124,31.232746;121.431761,31.232333;121.432088,31.231979;121.432324,31.231732;121.432565,31.23147;121.43352,31.23044;121.434261,31.229377;121.434566,31.2289;121.43498,31.22838;121.435081,31.228261;121.435221,31.228138;121.435832,31.227596;121.436433,31.226996",0,via_wanhangdu_wuding,0,4
AM0092,N095,N096,0.476,normal,0.05,true,武定西路,沿武定西路向西南行驶476米到达途经地,"121.436433,31.226996;121.436192,31.226883;121.435886,31.226743;121.435779,31.226685;121.435661,31.226625;121.435478,31.226534;121.435344,31.226465;121.435205,31.22639;121.434287,31.225912;121.434089,31.225848;121.433874,31.225708;121.433569,31.22551;121.433236,31.2253;121.432823,31.225064;121.432743,31.225021;121.432383,31.224823;121.432195,31.22471;121.43217,31.224698",0,via_wanhangdu_wuding,0,5
AM0093,N096,N097,0.364,normal,0.15,true,武定西路,沿武定西路向西南行驶364米右转,"121.43217,31.224698;121.432152,31.224689;121.431804,31.224598;121.431509,31.224533;121.431353,31.22449;121.430988,31.224464;121.430774,31.224426;121.430473,31.224367;121.430146,31.224233;121.43006,31.224185;121.429878,31.224072;121.429803,31.224024;121.429744,31.223954;121.429476,31.223638;121.429374,31.223573;121.429282,31.22338;121.429084,31.223144;121.429079,31.223139;121.429046,31.223096",0,via_wanhangdu_wuding,0,6
AM0094,N097,N098,0.172,normal,0.05,true,江苏路,沿江苏路向西北行驶172米右转,"121.429046,31.223096;121.428998,31.223144;121.428633,31.223493;121.428151,31.223906;121.42777,31.224222",0,via_wanhangdu_wuding,0,7
AM0095,N098,N012,1.892,fire,0.05,true,长宁路,沿长宁路途径长寿路向东北行驶1.9千米右转,"121.42777,31.224222;121.427855,31.224372;121.42792,31.224769;121.427947,31.224925;121.427957,31.225258;121.427963,31.225408;121.427973,31.225746;121.427979,31.22611;121.427952,31.226475;121.427909,31.226749;121.427888,31.227038;121.427877,31.227146;121.427823,31.227387;121.427689,31.227988;121.427678,31.228026;121.427657,31.228229;121.427652,31.228299;121.427641,31.228455;121.42762,31.229157;121.42762,31.229227;121.427721,31.230005;121.427732,31.23008;121.427839,31.230622;121.427871,31.230708;121.427882,31.230761;121.427893,31.230804;121.427957,31.230997;121.427984,31.231062;121.428156,31.231351;121.42844,31.231754;121.428639,31.232006;121.429063,31.232483;121.42947,31.232955;121.429851,31.233438;121.429953,31.233551;121.430414,31.23413;121.430597,31.234361;121.430699,31.234511;121.430795,31.234645;121.43109,31.235123;121.431122,31.235182;121.431525,31.23611;121.431702,31.2364;121.431981,31.236716;121.432147,31.236866;121.432523,31.237161;121.433048,31.237392;121.433655,31.237558;121.434389,31.237741;121.43447,31.237762;121.434936,31.23788;121.435199,31.237966;121.435425,31.238078;121.43565,31.238218;121.435779,31.23832",0,via_wanhangdu_wuding,0,8
AM0096,N099,N100,1.296,normal,0.05,true,曹杨路,沿曹杨路途径曹杨路桥、江苏北路向东南行驶1.3千米左转,"121.421059,31.234313;121.42115,31.23413;121.421263,31.233905;121.421413,31.233599;121.421853,31.232725;121.421922,31.232585;121.422175,31.232119;121.422684,31.231137;121.423135,31.230289;121.423714,31.2292;121.4238,31.229045;121.423896,31.228857;121.424052,31.228557;121.42409,31.228487;121.424154,31.228369;121.424213,31.228251;121.424835,31.227044;121.42534,31.226078;121.425383,31.225976;121.425511,31.225789;121.425731,31.225499;121.425855,31.22536;121.426037,31.225172;121.426214,31.225021;121.426273,31.224978;121.426659,31.224743;121.426949,31.224581;121.426981,31.224565;121.427475,31.224297;121.42762,31.224217",0,via_south_then_west,0,2
AM0097,N098,N101,0.542,normal,0.05,true,长宁路,沿长宁路向北行驶542米右转,"121.42777,31.224222;121.427855,31.224372;121.42792,31.224769;121.427947,31.224925;121.427957,31.225258;121.427963,31.225408;121.427973,31.225746;121.427979,31.22611;121.427952,31.226475;121.427909,31.226749;121.427888,31.227038;121.427877,31.227146;121.427823,31.227387;121.427689,31.227988;121.427678,31.228026;121.427657,31.228229;121.427652,31.228299;121.427641,31.228455;121.42762,31.229157",0,via_south_then_west,0,3
AM0098,N101,N102,0.567,normal,0.05,true,万航渡路,沿万航渡路向东南行驶567米到达途经地,"121.42762,31.229157;121.42837,31.228868;121.42844,31.228841;121.428612,31.228776;121.429052,31.228567;121.429368,31.228423;121.429422,31.228423;121.429803,31.228213;121.430082,31.228063;121.430259,31.227972;121.430409,31.227891;121.430554,31.227816;121.430763,31.227709;121.430972,31.227602;121.431198,31.227484;121.431423,31.227371;121.431573,31.227296;121.43212,31.227012;121.432437,31.226856;121.432896,31.226634",0,via_south_then_west,0,4
AM0099,N102,N103,0.298,normal,0.05,true,万航渡路,沿万航渡路向东南行驶298米向左前方行驶,"121.432896,31.226634;121.432914,31.226625;121.432989,31.226588;121.433258,31.226454;121.433418,31.226373;121.433713,31.226223;121.433992,31.226078;121.434287,31.225912;121.434443,31.225821;121.434915,31.225483;121.435097,31.22536;121.435285,31.225231;121.435484,31.225075",0,via_south_then_west,0,5
AM0100,N103,N047,0.529,normal,0.05,true,万航渡路,沿万航渡路向东行驶529米右转,"121.435484,31.225075;121.435677,31.224995;121.435832,31.224989;121.435913,31.225;121.435993,31.225011;121.436267,31.225059;121.436444,31.225107;121.436911,31.225236;121.437211,31.225322;121.437458,31.225386;121.437549,31.225413;121.437613,31.225429;121.437876,31.225461;121.43838,31.225472;121.4386,31.225461;121.439126,31.225445;121.439856,31.225488;121.44022,31.225456;121.440483,31.225424;121.440725,31.22537;121.440945,31.225284",0,via_south_then_west,0,6
AM0101,N034,N104,0.076,normal,0.05,true,宜昌路,沿宜昌路向西行驶76米右转,"121.433011,31.243507;121.432485,31.243373;121.432238,31.243309",0,via_north_then_west,0,4
AM0102,N104,N105,0.123,normal,0.15,true,向西北行驶123米左转,向西北行驶123米左转,"121.432238,31.243309;121.432147,31.243368;121.431986,31.24347;121.431836,31.243572;121.431557,31.243813;121.431289,31.244076",0,via_north_then_west,0,5
AM0103,N105,N106,0.025,normal,0.15,true,向西行驶25米到达途经地,向西行驶25米到达途经地,"121.431289,31.244076;121.43103,31.244016",0,via_north_then_west,0,6
AM0104,N106,N107,0.002,normal,0.15,true,向西行驶2米左转调头,向西行驶2米左转调头,"121.43103,31.244016;121.43101,31.244011",0,via_north_then_west,0,7
AM0105,N107,N105,0.027,normal,0.15,true,向东行驶27米右转,向东行驶27米右转,"121.43101,31.244011;121.431289,31.244076",0,via_north_then_west,0,8
AM0106,N105,N104,0.123,normal,0.15,true,向东南行驶123米左转,向东南行驶123米左转,"121.431289,31.244076;121.431557,31.243813;121.431836,31.243572;121.431986,31.24347;121.432147,31.243368;121.432238,31.243309",0,via_north_then_west,0,9
AM0107,N104,N036,0.295,normal,0.05,true,宜昌路,沿宜昌路向东北行驶295米向右前方行驶,"121.432238,31.243309;121.432485,31.243373;121.433011,31.243507;121.43307,31.243534;121.433182,31.243598;121.433252,31.243658;121.433424,31.243872;121.433574,31.244071;121.433751,31.24428;121.433788,31.244328;121.434062,31.24465;121.434132,31.244741;121.434207,31.244832;121.4344,31.245095",0,via_north_then_west,0,10
AM0108,N026,N091,1.135,fire,0.05,true,常德路,沿常德路向东南行驶1.1千米到达途经地,"121.437731,31.24031;121.438413,31.239747;121.438643,31.239521;121.438713,31.239457;121.438906,31.239312;121.43919,31.238948;121.439459,31.238599;121.439512,31.23854;121.439979,31.237955;121.440076,31.237767;121.440462,31.237215;121.440837,31.236566;121.440923,31.236356;121.44095,31.236292;121.441165,31.235895;121.441443,31.235407;121.441674,31.234994;121.441749,31.234876;121.441942,31.234543;121.442066,31.23434;121.442205,31.23413;121.44234,31.233932;121.442565,31.233605;121.442795,31.233347;121.442833,31.233315;121.44287,31.233283;121.443096,31.233073;121.443139,31.233031;121.443203,31.232971;121.443793,31.232403;121.444061,31.232151;121.444396,31.231836",0,via_middle_kangding_then_changshou,0,7
AM0109,N096,N108,0.08,normal,0.15,true,武定西路,沿武定西路向西行驶80米右转,"121.43217,31.224698;121.432152,31.224689;121.431804,31.224598;121.431509,31.224533;121.431353,31.22449",0,via_west_south_short,0,6
AM0110,N108,N109,0.403,normal,0.15,true,向西北行驶403米靠右,向西北行驶403米靠右,"121.431353,31.22449;121.431047,31.224801;121.430709,31.225161;121.430479,31.225381;121.430371,31.225472;121.430066,31.225703;121.429787,31.225933;121.429502,31.226164;121.429438,31.226245;121.429368,31.22639;121.42925,31.226915;121.429196,31.227081;121.429079,31.227468",0,via_west_south_short,0,7
AM0111,N109,N110,0.12,normal,0.05,true,向北行驶120米向右前方行驶,向北行驶120米向右前方行驶,"121.429079,31.227468;121.428993,31.227768;121.429014,31.227865;121.429052,31.227924;121.42939,31.228267;121.429406,31.228331;121.429368,31.228423",0,via_west_south_short,0,8
AM0112,N111,N112,0.152,normal,0.05,true,康定路,沿康定路向东北行驶152米向右前方行驶,"121.429422,31.228423;121.429631,31.22853;121.430119,31.228809;121.43021,31.228862;121.430302,31.228916;121.430538,31.22905;121.430774,31.229179",0,via_west_south_short,0,9
AM0113,N113,N082,0.837,fire,0.05,true,康定路,沿康定路向东行驶837米右转,"121.431117,31.229147;121.431208,31.229168;121.431401,31.229275;121.431664,31.229453;121.431959,31.22963;121.43211,31.229721;121.432463,31.229903;121.432646,31.229994;121.432941,31.230145;121.433091,31.230225;121.43352,31.23044;121.433655,31.230423;121.433917,31.230525;121.434588,31.230799;121.43477,31.230826;121.434851,31.230826;121.435076,31.230788;121.435339,31.230751;121.43557,31.230713;121.435966,31.230649;121.436133,31.230627;121.43653,31.230579;121.43682,31.230552;121.437163,31.230531;121.437275,31.230552;121.437726,31.230724;121.437806,31.230756;121.437887,31.230788;121.438037,31.230853;121.438246,31.230933;121.438327,31.230965;121.438702,31.231137;121.439228,31.231389",0,via_west_south_short,0,10
AM0114,N084,N091,0.085,fire,0.05,true,常德路,沿常德路向东南行驶85米到达途经地,"121.443793,31.232403;121.444061,31.232151;121.444396,31.231836",0,via_west_south_short,0,13
AM0115,N025,N114,0.806,fire,0.05,true,长寿路,沿长寿路向东北行驶806米右转,"121.436871,31.239631;121.437259,31.239978;121.437731,31.24031;121.437796,31.240353;121.438531,31.240841;121.438606,31.24089;121.439008,31.241243;121.4394,31.241608;121.439915,31.242091;121.440258,31.242391;121.440392,31.242504;121.440553,31.242622;121.440945,31.242847;121.441395,31.243073;121.441513,31.243132;121.442436,31.243534;121.44287,31.243727;121.44301,31.243786;121.443278,31.243888;121.443605,31.243979",0,via_north_east_mid,0,6
AM0116,N114,N058,0.619,normal,0.05,true,江宁路,沿江宁路向东南行驶619米到达途经地,"121.443605,31.243979;121.443815,31.243727;121.443911,31.243615;121.444142,31.243346;121.444217,31.243255;121.44456,31.24289;121.444963,31.242472;121.445333,31.242064;121.445676,31.241732;121.445955,31.241447;121.446352,31.241061;121.446577,31.240857;121.446824,31.240632;121.447248,31.240213;121.447275,31.240138;121.447754,31.239638",0,via_north_east_mid,0,7
AM0117,N011,N115,0.981,fire,0.05,true,长寿路,沿长寿路向东北行驶981米到达目的地,"121.429953,31.233551;121.430414,31.23413;121.430597,31.234361;121.430699,31.234511;121.430795,31.234645;121.43109,31.235123;121.431122,31.235182;121.431525,31.23611;121.431702,31.2364;121.431981,31.236716;121.432147,31.236866;121.432523,31.237161;121.433048,31.237392;121.433655,31.237558;121.434389,31.237741;121.43447,31.237762;121.434936,31.23788;121.435199,31.237966;121.435425,31.238078;121.43565,31.238218;121.435779,31.23832;121.435908,31.238459;121.436508,31.239194;121.436856,31.239617",0,network_wuning_to_xikang,0,5
AM0118,N115,N026,0.114,fire,0.05,true,长寿路,沿长寿路向东北行驶114米右转进入主路,"121.436856,31.239617;121.436857,31.239618;121.437259,31.239978;121.437731,31.24031",0,network_xikang_to_fire,0,0
AM0119,N115,N114,0.809,fire,0.05,true,长寿路,沿长寿路向东北行驶809米右转,"121.436856,31.239617;121.436857,31.239618;121.437259,31.239978;121.437731,31.24031;121.437796,31.240353;121.438531,31.240841;121.438606,31.24089;121.439008,31.241243;121.4394,31.241608;121.439915,31.242091;121.440258,31.242391;121.440392,31.242504;121.440553,31.242622;121.440945,31.242847;121.441395,31.243073;121.441513,31.243132;121.442436,31.243534;121.44287,31.243727;121.44301,31.243786;121.443278,31.243888;121.443605,31.243979",0,network_xikang_to_beijingwest,0,0
AM0120,N114,N116,0.619,normal,0.05,true,江宁路,沿江宁路向东南行驶619米到达目的地,"121.443605,31.243979;121.443815,31.243727;121.443911,31.243615;121.444142,31.243346;121.444217,31.243255;121.44456,31.24289;121.444963,31.242472;121.445333,31.242064;121.445676,31.241732;121.445955,31.241447;121.446352,31.241061;121.446577,31.240857;121.446824,31.240632;121.447248,31.240213;121.447275,31.240138;121.447754,31.239638",0,network_xikang_to_beijingwest,0,1
AM0121,N116,N059,0.054,normal,0.05,true,江宁路,沿江宁路向东南行驶54米右转,"121.447754,31.239638;121.448036,31.239312;121.448117,31.239264",0,network_beijingwest_to_fire,0,0
AM0122,N095,N117,0.478,normal,0.05,true,武定西路,沿武定西路向西南行驶478米到达目的地,"121.436433,31.226996;121.436192,31.226883;121.435886,31.226743;121.435779,31.226685;121.435661,31.226625;121.435478,31.226534;121.435344,31.226465;121.435205,31.22639;121.434287,31.225912;121.434089,31.225848;121.433874,31.225708;121.433569,31.22551;121.433236,31.2253;121.432823,31.225064;121.432743,31.225021;121.432383,31.224823;121.432195,31.22471;121.432152,31.224689",0,network_wuning_to_wanhangdu,0,5
AM0123,N117,N119,0.113,normal,0.15,true,武定西路,沿武定西路向西行驶113米左转,"121.43215,31.224688;121.431804,31.224598;121.431509,31.224533;121.431353,31.22449;121.430988,31.224464",0,network_wanhangdu_to_jingan,0,0
AM0124,N119,N120,0.097,normal,0.15,true,向东南行驶97米左转,向东南行驶97米左转,"121.430988,31.224464;121.43102,31.224426;121.431595,31.223755",0,network_wanhangdu_to_jingan,0,1
AM0125,N120,N121,0.076,normal,0.15,true,向东行驶76米右转,向东行驶76米右转,"121.431595,31.223755;121.431755,31.223804;121.43182,31.223809;121.431863,31.223788;121.431981,31.223659;121.43204,31.223632;121.432104,31.223643;121.432249,31.223691;121.432281,31.22368",0,network_wanhangdu_to_jingan,0,2
AM0126,N121,N122,0.146,normal,0.15,true,武定西路方向,沿武定西路方向向东南行驶146米左转,"121.432281,31.22368;121.432447,31.223332;121.432512,31.223176;121.432528,31.223144;121.432549,31.22309;121.432651,31.222865;121.432721,31.22272;121.432855,31.22243",0,network_wanhangdu_to_jingan,0,3
AM0127,N122,N123,0.749,normal,0.05,true,镇宁路465弄通道,沿镇宁路465弄通道途径镇宁路465弄、新闸路向东北行驶749米右转,"121.432855,31.22243;121.433316,31.222597;121.433483,31.222661;121.433837,31.222774;121.434041,31.222838;121.434185,31.222881;121.434658,31.223031;121.435011,31.223144;121.435162,31.223192;121.435323,31.223251;121.435704,31.22338;121.435768,31.223401;121.435908,31.223434;121.43631,31.223595;121.437656,31.224142;121.437844,31.224217;121.438364,31.224437;121.438606,31.224544;121.438938,31.22471;121.439083,31.224801;121.439223,31.224903;121.439528,31.225166;121.439856,31.225488",0,network_wanhangdu_to_jingan,0,4
AM0128,N124,N047,0.071,normal,0.05,true,万航渡路,沿万航渡路向东行驶71米右转,"121.44022,31.225456;121.440483,31.225424;121.440725,31.22537;121.440945,31.225284",0,network_wanhangdu_to_jingan,0,5
AM0129,N048,N118,0.202,normal,0.05,true,乌鲁木齐北路,沿乌鲁木齐北路向东南行驶202米到达目的地,"121.440408,31.224764;121.44058,31.224544;121.440725,31.224388;121.440843,31.224249;121.441159,31.223949;121.441379,31.223761;121.441615,31.223578;121.441723,31.223487;121.441835,31.223387",0,network_wanhangdu_to_jingan,0,7
AM0130,N118,N050,0.018,normal,0.05,true,乌鲁木齐北路,沿乌鲁木齐北路向东南行驶18米向左前方行驶,"121.441835,31.223387;121.441969,31.223267",0,network_jingan_to_fire,0,0
AM0131,N117,N108,0.078,normal,0.15,true,武定西路,沿武定西路向西行驶78米右转,"121.43215,31.224688;121.431804,31.224598;121.431509,31.224533;121.431353,31.22449",0,network_wanhangdu_to_kangding,0,0
AM0132,N084,N125,0.087,fire,0.05,true,常德路,沿常德路向东南行驶87米到达目的地,"121.443793,31.232403;121.444061,31.232151;121.44441,31.231823",0,network_wanhangdu_to_kangding,0,7
AM0133,N125,N092,0.125,normal,0.05,true,常德路,沿常德路向东南行驶125米右转,"121.44441,31.231823;121.444839,31.23141;121.445086,31.231164;121.445295,31.230965",0,network_kangding_to_fire,0,1
AM0134,N125,N126,0.336,normal,0.05,true,常德路,沿常德路向东南行驶336米左转调头,"121.44441,31.231823;121.444839,31.23141;121.445086,31.231164;121.445295,31.230965;121.445488,31.230788;121.445708,31.230579;121.445918,31.230375;121.446009,31.230279;121.44625,31.229935;121.446395,31.229667;121.446497,31.229367",0,network_kangding_to_beijingwest,0,1
AM0135,N127,N128,1.138,fire,0.05,true,常德路,沿常德路向西北行驶1.1千米右转,"121.446588,31.229447;121.446534,31.229656;121.446293,31.230059;121.446218,31.230171;121.446046,31.230359;121.445376,31.231003;121.444759,31.231604;121.44389,31.23244;121.443273,31.233015;121.442892,31.233368;121.44287,31.23339;121.442736,31.23353;121.44264,31.233663;121.442355,31.23413;121.4422,31.234382;121.44206,31.234602;121.441787,31.235053;121.441545,31.23545;121.441428,31.235638;121.441326,31.235809;121.441256,31.235927;121.441025,31.236362;121.440918,31.236587;121.440542,31.237236;121.440172,31.237816;121.439979,31.237955",0,network_kangding_to_beijingwest,0,2
AM0136,N128,N129,0.679,fire,0.05,true,安远路,沿安远路向东北行驶679米右转,"121.439979,31.237955;121.440414,31.238154;121.44051,31.238196;121.440596,31.238234;121.440676,31.238304;121.440778,31.238395;121.440934,31.23847;121.441175,31.238593;121.441545,31.238846;121.441599,31.238883;121.441653,31.23891;121.441878,31.239023;121.442034,31.239071;121.44212,31.239114;121.442447,31.239307;121.442742,31.239516;121.44287,31.23957;121.442994,31.239623;121.443401,31.239806;121.443611,31.239951;121.44389,31.240149;121.44433,31.240476;121.444603,31.240648;121.444673,31.240696;121.444791,31.240771;121.445027,31.240906;121.445081,31.240932;121.445177,31.240991;121.445435,31.241141;121.445955,31.241447",0,network_kangding_to_beijingwest,0,3
AM0137,N129,N116,0.263,normal,0.05,true,江宁路,沿江宁路向东南行驶263米到达目的地,"121.445955,31.241447;121.446352,31.241061;121.446577,31.240857;121.446824,31.240632;121.447248,31.240213;121.447275,31.240138;121.447754,31.239638",0,network_kangding_to_beijingwest,0,4
AM0138,N059,N131,0.177,normal,0.05,true,海防路,沿海防路向西南行驶177米左转,"121.448117,31.239264;121.447758,31.239092;121.447446,31.238942;121.446733,31.238604;121.446486,31.238475",0,network_beijingwest_to_jiangning,0,1
AM0139,N131,N130,0.423,normal,0.05,true,陕西北路,沿陕西北路向东南行驶423米到达目的地,"121.446486,31.238475;121.44699,31.237821;121.447323,31.237419;121.447387,31.237343;121.447929,31.236673;121.448074,31.23648;121.448106,31.236437;121.448519,31.236008;121.448557,31.235965;121.448691,31.23582;121.448932,31.235563;121.449034,31.235455;121.449117,31.235363",0,network_beijingwest_to_jiangning,0,2
AM0140,N130,N056,0.214,normal,0.05,true,陕西北路,沿陕西北路向东南行驶214米右转,"121.449117,31.235363;121.449233,31.235235;121.449329,31.235133;121.449667,31.234763;121.449989,31.234516;121.450107,31.23442;121.450257,31.234302;121.450424,31.234168;121.450472,31.23413;121.45051,31.234098;121.450697,31.233943",0,network_jiangning_to_fire,0,0
AM0141,N044,N132,0.81,fire,0.062,true,长寿路,沿长寿路向西南行驶810米右转进入主路,"121.435688,31.238465;121.435333,31.238218;121.435092,31.238111;121.434716,31.237982;121.434282,31.237864;121.433692,31.237719;121.433129,31.23758;121.432743,31.237419;121.432399,31.237236;121.43197,31.236871;121.431659,31.23656;121.431627,31.236512;121.431476,31.236303;121.43138,31.236158;121.431267,31.235906;121.431224,31.235804;121.430983,31.23523;121.430897,31.235074;121.430833,31.23494;121.430618,31.234629;121.430484,31.234431;121.430393,31.234307;121.430243,31.23413;121.430189,31.234066;121.430087,31.233937;121.42983,31.233637",0,context_fire_wuning,0,1
AM0142,N132,N133,0.682,normal,0.05,true,武宁路,沿武宁路途径武宁路桥向西北行驶682米左转调头进入辅路,"121.42983,31.233637;121.429186,31.23413;121.428462,31.234683;121.427024,31.235815;121.426799,31.235986;121.426343,31.236346;121.426117,31.236523;121.425763,31.236802;121.424465,31.23773",0,context_fire_wuning,0,2
AM0143,N008,N004,0.172,normal,0.05,true,武宁支路,沿武宁支路向东南行驶172米左转,"121.424315,31.23758;121.424433,31.237435;121.425012,31.237011;121.425163,31.236893;121.42534,31.236748;121.425447,31.236609;121.425554,31.236448",0,context_fire_wuning,0,3
AM0144,N002,N134,0.946,fire,0.05,true,胶州路,沿胶州路向东南行驶946米右转,"121.439218,31.235798;121.439561,31.235407;121.439732,31.235214;121.439818,31.235117;121.440145,31.234763;121.440349,31.234516;121.440575,31.23413;121.440591,31.234103;121.440709,31.233867;121.440907,31.233524;121.441025,31.23331;121.441106,31.233175;121.441154,31.233095;121.441481,31.232537;121.441669,31.232167;121.441781,31.231952;121.441991,31.231577;121.442152,31.231169;121.442189,31.23104;121.442264,31.230788;121.442318,31.2306;121.442334,31.230541;121.442355,31.230472;121.442393,31.230386;121.442554,31.229994;121.442667,31.229737;121.442801,31.22941;121.442822,31.229361;121.442849,31.229291;121.44287,31.229238;121.442897,31.229173;121.443058,31.228776;121.443106,31.228664;121.44315,31.228562;121.44338,31.227993",0,context_fire_jingan_temple,0,0
AM0145,N134,N135,0.42,normal,0.05,true,新闸路,沿新闸路向西南行驶420米左转,"121.44338,31.227993;121.44323,31.227891;121.442903,31.227613;121.44287,31.227586;121.442849,31.22757;121.442747,31.227478;121.442457,31.227237;121.442012,31.226813;121.441647,31.226491;121.441336,31.226298;121.441148,31.226212;121.440896,31.226121;121.440719,31.226057;121.440639,31.22603;121.440467,31.225966;121.440226,31.225837;121.439963,31.225606",0,context_fire_jingan_temple,0,1
AM0146,N012,N026,0.289,fire,0.05,true,长寿路,沿长寿路向东北行驶289米左转,"121.435779,31.23832;121.435908,31.238459;121.436508,31.239194;121.436857,31.239618;121.437259,31.239978;121.437731,31.24031",0,context_fire_yichang,0,1
AM0147,N137,N035,0.559,fire,0.05,true,常德路,沿常德路向西北行驶559米右转,"121.437619,31.240455;121.437222,31.240664;121.436492,31.241056;121.436299,31.241152;121.435848,31.241405;121.435714,31.24148;121.435586,31.241581;121.435419,31.241667;121.434438,31.24215;121.434116,31.242316;121.433944,31.242413;121.433837,31.242488;121.433778,31.242536;121.433542,31.242756;121.433397,31.242955;121.43307,31.243534",0,context_fire_yichang,0,2
AM0148,N039,N136,0.12,normal,0.15,true,向东北行驶120米到达目的地,向东北行驶120米到达目的地,"121.436305,31.24664;121.436503,31.24664;121.436605,31.246656;121.436701,31.246715;121.436781,31.246823;121.43697,31.247133;121.437061,31.247252;121.437066,31.247338;121.437054,31.247353",0,context_fire_yichang,0,6
AM0149,N054,N130,0.947,normal,0.05,true,陕西北路,沿陕西北路向东南行驶947米到达目的地,"121.442763,31.241984;121.44287,31.241887;121.443031,31.241737;121.443251,31.241533;121.443498,31.241308;121.443568,31.241243;121.443707,31.241109;121.443793,31.241034;121.444051,31.240771;121.44433,31.240476;121.445102,31.239908;121.445655,31.239468;121.446073,31.239001;121.446486,31.238475;121.44699,31.237821;121.447323,31.237419;121.447387,31.237343;121.447929,31.236673;121.448074,31.23648;121.448106,31.236437;121.448519,31.236008;121.448557,31.235965;121.448691,31.23582;121.448932,31.235563;121.449034,31.235455;121.449117,31.235363",0,context_wuning_jiangning,0,3
AM0150,N074,N139,1.007,normal,0.05,true,北京西路,沿北京西路向东北行驶1.0千米右转,"121.442908,31.224737;121.443375,31.225118;121.44345,31.225177;121.443552,31.225258;121.443868,31.225499;121.444142,31.225708;121.444405,31.225906;121.444582,31.226014;121.445403,31.226416;121.445574,31.226497;121.445918,31.226663;121.446277,31.226829;121.446942,31.227124;121.447049,31.227178;121.447575,31.227393;121.448047,31.227586;121.448122,31.227618;121.44861,31.227827;121.4492,31.228079;121.44993,31.22839;121.450279,31.228535;121.450381,31.228578;121.45045,31.228616;121.450745,31.228744;121.45081,31.228776;121.451373,31.229013;121.451818,31.229157;121.45213,31.229254",0,context_wuning_nanjingwest,0,6
AM0151,N139,N138,0.028,normal,0.15,true,向东南行驶28米到达目的地,向东南行驶28米到达目的地,"121.45213,31.229254;121.452183,31.229147;121.452253,31.229045;121.452285,31.229034",0,context_wuning_nanjingwest,0,7
AM0152,N140,N141,0.022,normal,0.15,true,向西南行驶22米右转,向西南行驶22米右转,"121.444959,31.242986;121.444764,31.24288",0,context_changshou_yichang,0,0
AM0153,N141,N142,0.063,normal,0.15,true,向西北行驶63米左转,向西北行驶63米左转,"121.444764,31.24288;121.444373,31.243336",0,context_changshou_yichang,0,1
AM0154,N142,N143,0.017,normal,0.15,true,向西南行驶17米右转,向西南行驶17米右转,"121.444373,31.243336;121.444346,31.243325;121.444319,31.243309;121.444217,31.243255",0,context_changshou_yichang,0,2
AM0155,N143,N144,0.596,normal,0.05,true,江宁路,沿江宁路向西北行驶596米向右前方行驶进入辅路,"121.444217,31.243255;121.444142,31.243346;121.443911,31.243615;121.443815,31.243727;121.443605,31.243979;121.44352,31.244119;121.443074,31.244601;121.443037,31.244645;121.442881,31.2448;121.44287,31.244811;121.442597,31.245116;121.442254,31.245498;121.441926,31.245868;121.441647,31.246168;121.441556,31.24627;121.44146,31.246372;121.441154,31.246699;121.440907,31.246967;121.440821,31.247069;121.44066,31.247257;121.440371,31.247568",0,context_changshou_yichang,0,3
AM0156,N144,N145,0.17,normal,0.05,true,江宁路辅路,沿江宁路辅路向西北行驶170米左转,"121.440371,31.247568;121.440317,31.247691;121.439968,31.248078;121.439781,31.248287;121.439689,31.248383;121.439292,31.248807",0,context_changshou_yichang,0,4
AM0157,N145,N038,0.362,normal,0.05,true,宜昌路,沿宜昌路向西南行驶362米右转,"121.439292,31.248807;121.439233,31.24877;121.438836,31.248475;121.438713,31.248383;121.438509,31.24819;121.438391,31.248078;121.438203,31.24789;121.438048,31.24774;121.437678,31.24745;121.43749,31.247241;121.436996,31.24678;121.436707,31.24649;121.436632,31.246415",0,context_changshou_yichang,0,5
AM0158,N050,N147,0.651,normal,0.05,true,北京西路,沿北京西路向东北行驶651米左转,"121.441969,31.223267;121.442039,31.223332;121.442216,31.223675;121.442345,31.223922;121.442543,31.224254;121.442838,31.224641;121.442908,31.224737;121.443375,31.225118;121.44345,31.225177;121.443552,31.225258;121.443868,31.225499;121.444142,31.225708;121.444405,31.225906;121.444582,31.226014;121.445403,31.226416;121.445574,31.226497;121.445918,31.226663;121.446277,31.226829;121.446942,31.227124",0,context_jingan_changde,0,1
AM0159,N148,N086,0.846,fire,0.05,true,常德路,沿常德路向西北行驶846米右转,"121.447039,31.227237;121.446969,31.227553;121.446835,31.228224;121.446642,31.229136;121.446588,31.229447;121.446534,31.229656;121.446293,31.230059;121.446218,31.230171;121.446046,31.230359;121.445376,31.231003;121.444759,31.231604;121.44389,31.23244;121.443273,31.233015;121.442892,31.233368;121.44287,31.23339;121.442736,31.23353;121.44264,31.233663",0,context_jingan_changde,0,2
AM0160,N086,N088,0.007,fire,0.15,true,向东行驶7米向左前方行驶,向东行驶7米向左前方行驶,"121.44264,31.233663;121.442715,31.23369",0,context_jingan_changde,0,3
AM0161,N088,N146,0.012,fire,0.15,true,向东北行驶12米到达目的地,向东北行驶12米到达目的地,"121.442715,31.23369;121.442774,31.233728;121.442827,31.23376",0,context_jingan_changde,0,4
AM0162,N138,N139,0.028,normal,0.15,true,向西北行驶28米右转,向西北行驶28米右转,"121.452285,31.229034;121.452253,31.229045;121.452183,31.229147;121.45213,31.229254",0,context_nanjingwest_jingan,0,0
AM0163,N139,N076,0.305,normal,0.05,true,北京西路,沿北京西路向东行驶305米左转进入主路,"121.45213,31.229254;121.452773,31.229447;121.45324,31.229586;121.4539,31.229796;121.454248,31.229903;121.454447,31.229962;121.455166,31.230193",0,context_nanjingwest_jingan,0,1
AM0164,N077,N149,0.302,normal,0.05,true,江宁路,沿江宁路向西北行驶302米左转,"121.45515,31.230263;121.454903,31.230692;121.454796,31.23088;121.454683,31.231078;121.454635,31.231164;121.454468,31.231426;121.454329,31.231625;121.454221,31.231823;121.454093,31.232065;121.454055,31.232135;121.453675,31.232714",0,context_nanjingwest_jingan,0,2
AM0165,N149,N134,1.104,normal,0.05,true,新闸路,沿新闸路向西南行驶1.1千米向左前方行驶,"121.453675,31.232714;121.453267,31.232607;121.453165,31.232575;121.4525,31.232381;121.452033,31.232247;121.451845,31.232205;121.451555,31.232065;121.451325,31.231968;121.451244,31.231931;121.450735,31.231657;121.450606,31.231593;121.450552,31.231566;121.450461,31.231528;121.450268,31.231443;121.449941,31.231298;121.449469,31.23111;121.449131,31.230971;121.448873,31.230863;121.448793,31.230826;121.448584,31.230718;121.448412,31.230606;121.44809,31.230397;121.447741,31.230177;121.447307,31.229898;121.447226,31.229844;121.447151,31.229796;121.446588,31.229447;121.446497,31.229367;121.446089,31.229179;121.445569,31.228948;121.445381,31.228862;121.445038,31.228707;121.444855,31.228616;121.444593,31.228508;121.444378,31.228412;121.444287,31.228369;121.444228,31.228342;121.444002,31.22824;121.443541,31.228031;121.44338,31.227993",0,context_nanjingwest_jingan,0,3
AM0166,N130,N150,0.083,normal,0.05,true,陕西北路,沿陕西北路向东南行驶83米左转,"121.449117,31.235363;121.449233,31.235235;121.449329,31.235133;121.449667,31.234763",0,context_jiangning_changshou,0,0
AM0167,N150,N061,0.696,normal,0.05,true,康定路,沿康定路途径康定东路向东行驶696米右转,"121.449667,31.234763;121.449844,31.234817;121.450037,31.234871;121.450778,31.235123;121.45118,31.235257;121.451577,31.235391;121.452033,31.235568;121.45258,31.235756;121.452966,31.235863;121.453422,31.235986;121.453798,31.23618;121.454093,31.236335;121.455235,31.236946;121.455702,31.23721;121.455986,31.237338;121.456137,31.237403;121.456314,31.23744",0,context_jiangning_changshou,0,1
AM0168,N063,N151,0.304,normal,0.05,true,康定东路,沿康定东路途径南苏州路向东北行驶304米右转,"121.458454,31.237692;121.458604,31.23781;121.45876,31.237998;121.459028,31.238154;121.459178,31.23825;121.459516,31.238481;121.459774,31.23869;121.459956,31.238883;121.460144,31.23913;121.460273,31.239318;121.460385,31.239463;121.460595,31.239715",0,context_jiangning_changshou,0,4
AM0169,N152,N153,0.257,normal,0.05,true,大田路,沿大田路向东南行驶257米左转,"121.460707,31.239591;121.460761,31.239527;121.461024,31.239141;121.461346,31.238631;121.461641,31.23824;121.461791,31.238036;121.461834,31.237976;121.461882,31.237896;121.461957,31.237767;121.46207,31.237585;121.462086,31.237547",0,context_jiangning_changshou,0,5
AM0170,N154,N155,0.201,normal,0.05,true,新闸路,沿新闸路向东行驶201米左转进入匝道,"121.462134,31.237483;121.462461,31.237639;121.462875,31.237832;121.463148,31.23796;121.463448,31.238078;121.464076,31.238245",0,context_jiangning_changshou,0,6
AM0171,N156,N157,0.218,normal,0.05,true,天目中路立交桥,沿天目中路立交桥向西北行驶218米靠左,"121.46443,31.238384;121.464323,31.238631;121.46428,31.238754;121.464216,31.238921;121.463969,31.2395;121.463647,31.240256",0,context_jiangning_changshou,0,7
AM0172,N157,N158,0.179,normal,0.05,true,天目中路立交桥,沿天目中路立交桥途径南北高架路向西北行驶179米向右前方行驶,"121.463647,31.240256;121.463481,31.240648;121.463357,31.240943;121.463202,31.241045;121.463057,31.241399;121.463041,31.241447;121.462923,31.241742",0,context_jiangning_changshou,0,8
AM0173,N158,N159,0.343,normal,0.05,true,天目中路立交桥,沿天目中路立交桥向北行驶343米进入环岛,"121.462923,31.241742;121.462987,31.241925;121.462837,31.242236;121.462697,31.242617;121.462585,31.242987;121.46252,31.243341;121.462493,31.243652;121.462488,31.244017;121.462499,31.244167;121.462531,31.244306;121.462563,31.244376;121.462601,31.244441;121.462848,31.244677",0,context_jiangning_changshou,0,9
AM0174,N159,N160,0.202,normal,0.05,true,天目中路立交桥,沿天目中路立交桥向西北行驶202米离开环岛,"121.462848,31.244677;121.463008,31.244784;121.46311,31.244907;121.463132,31.244956;121.463159,31.24509;121.463159,31.245116;121.463153,31.245213;121.463132,31.245294;121.463008,31.245513;121.462869,31.245583;121.462719,31.245648;121.46259,31.245696;121.462515,31.245707;121.462376,31.245723;121.46222,31.245717;121.462134,31.245696;121.462064,31.245658",0,context_jiangning_changshou,0,10
AM0175,N160,N161,0.031,normal,0.05,true,天目中路立交桥,沿天目中路立交桥向西行驶31米靠左,"121.462064,31.245658;121.461732,31.245621",0,context_jiangning_changshou,0,11
AM0176,N161,N162,0.922,normal,0.05,true,天目中路立交桥,沿天目中路立交桥途径北横通道向西行驶922米靠左,"121.461732,31.245621;121.461512,31.245615;121.461313,31.245648;121.460562,31.245873;121.460187,31.24598;121.460021,31.246012;121.459586,31.246071;121.459323,31.246077;121.459184,31.246055;121.459119,31.246039;121.458765,31.246045;121.458411,31.24605;121.4581,31.246055;121.457719,31.246071;121.456287,31.246088;121.455198,31.246039;121.454506,31.24598;121.454307,31.245953;121.452805,31.24575;121.452146,31.245658",0,context_jiangning_changshou,0,12
AM0177,N162,N163,0.075,normal,0.05,true,北横通道,沿北横通道向西行驶75米直行进入隧道,"121.452146,31.245658;121.451362,31.245546",0,context_jiangning_changshou,0,13
AM0178,N163,N140,0.678,normal,0.05,true,北横通道,沿北横通道向西行驶678米到达目的地,"121.451362,31.245546;121.450778,31.24546;121.450316,31.245336;121.44993,31.245186;121.449796,31.245116;121.449764,31.2451;121.449034,31.244666;121.448541,31.244414;121.448187,31.244264;121.447677,31.244086;121.446448,31.243743;121.446014,31.243577;121.445338,31.243282;121.444891,31.243068",0,context_jiangning_changshou,0,14
AM0179,N052,N164,1.049,normal,0.05,true,光复西路,沿光复西路途径江宁路桥、江宁路向东南行驶1.0千米左转,"121.433424,31.249387;121.433906,31.249682;121.434035,31.249735;121.434185,31.249778;121.434475,31.24981;121.434668,31.249784;121.434953,31.249698;121.435237,31.24958;121.435468,31.249467;121.435661,31.249349;121.436412,31.248791;121.436616,31.248678;121.436728,31.248652;121.436975,31.24862;121.437544,31.24863;121.438681,31.248668;121.438826,31.248673;121.438992,31.248657;121.439137,31.24862;121.439266,31.248571;121.439368,31.248507;121.43948,31.24841;121.439609,31.248271;121.439781,31.248078;121.440296,31.24752;121.440338,31.247471;121.440489,31.247311;121.440612,31.247182;121.440714,31.247075;121.441063,31.246705;121.441245,31.24649;121.441438,31.246275;121.44154,31.246163;121.441846,31.245825;121.442173,31.24546",0,context_wuning_changshou,0,1
AM0180,N165,N166,0.221,normal,0.05,true,普陀路,沿普陀路向东行驶221米右转,"121.442296,31.245519;121.442822,31.245744;121.44287,31.24576;121.443117,31.245851;121.443627,31.245932;121.44426,31.246023;121.444539,31.246034",0,context_wuning_changshou,0,2
AM0181,N166,N167,0.182,normal,0.05,true,昌化路,沿昌化路向南行驶182米左转,"121.444539,31.246034;121.444619,31.245573;121.444705,31.245197;121.444726,31.245116;121.444764,31.244961;121.444807,31.244757;121.44492,31.244403",0,context_wuning_changshou,0,3
AM0182,N168,N169,0.086,normal,0.05,true,天目西路,沿天目西路向东行驶86米靠左,"121.444984,31.24428;121.445596,31.244441;121.445848,31.24451",0,context_wuning_changshou,0,4
AM0183,N169,N170,0.745,normal,0.05,true,天目西路,沿天目西路途径长寿路桥向东行驶745米直行进入中间岔道,"121.445848,31.24451;121.446298,31.244618;121.447039,31.244789;121.447538,31.244902;121.448299,31.245025;121.448921,31.245116;121.449946,31.245267;121.450048,31.245272;121.450665,31.245251;121.451427,31.24538;121.451604,31.245406;121.452763,31.245589;121.453546,31.245728",0,context_wuning_changshou,0,5
AM0184,N171,N172,0.451,normal,0.05,true,北横通道入口,沿北横通道入口途径北横通道向东行驶451米向右前方行驶进入匝道,"121.453884,31.245771;121.454441,31.245825;121.454608,31.24583;121.454919,31.245862;121.456013,31.245943;121.456298,31.245975;121.456544,31.246028;121.456915,31.246023;121.457671,31.246012;121.457864,31.246007;121.458003,31.246007;121.458416,31.245996;121.458518,31.245991;121.45862,31.245986",0,context_wuning_changshou,0,6
AM0185,N172,N173,0.337,normal,0.05,true,天目中路立交桥,沿天目中路立交桥向东行驶337米进入环岛,"121.45862,31.245986;121.458771,31.245937;121.459114,31.245873;121.459538,31.245846;121.45987,31.245803;121.460171,31.245728;121.46067,31.245583;121.461077,31.245476;121.461356,31.245385;121.461463,31.245347;121.461544,31.245294;121.461673,31.245122;121.461678,31.245116;121.461796,31.244929",0,context_wuning_changshou,0,7
AM0186,N173,N160,0.313,normal,0.05,true,天目中路立交桥,沿天目中路立交桥向北行驶313米离开环岛,"121.461796,31.244929;121.461839,31.244838;121.462075,31.244741;121.462279,31.244671;121.462408,31.244645;121.462531,31.244628;121.462703,31.244634;121.462848,31.244677;121.463008,31.244784;121.46311,31.244907;121.463132,31.244956;121.463159,31.24509;121.463159,31.245116;121.463153,31.245213;121.463132,31.245294;121.463008,31.245513;121.462869,31.245583;121.462719,31.245648;121.46259,31.245696;121.462515,31.245707;121.462376,31.245723;121.46222,31.245717;121.462134,31.245696;121.462064,31.245658",0,context_wuning_changshou,0,8
AM0187,N117,N097,0.362,normal,0.15,true,武定西路,沿武定西路向西南行驶362米右转,"121.43215,31.224688;121.431804,31.224598;121.431509,31.224533;121.431353,31.22449;121.430988,31.224464;121.430774,31.224426;121.430473,31.224367;121.430146,31.224233;121.43006,31.224185;121.429878,31.224072;121.429803,31.224024;121.429744,31.223954;121.429476,31.223638;121.429374,31.223573;121.429282,31.22338;121.429084,31.223144;121.429079,31.223139;121.429046,31.223096",0,context_wanhangdu_wuding_fire,0,0
