node_id,x,y,label,type
N001,121.426226,31.237003,AMap origin,start
N002,121.439175,31.235771,AMap destination,target
N003,121.425645,31.236346,光复西路,normal
N004,121.425554,31.236448,谈家渡路,normal
N005,121.421236,31.234388,谈家渡路,normal
N006,121.421161,31.234356,曹杨路,normal
N007,121.420619,31.235514,曹杨路,normal
N008,121.424315,31.23758,普雄路,normal
N009,121.424374,31.237633,武宁路桥,normal
N010,121.429711,31.233513,武宁路桥,normal
N011,121.429953,31.233551,长寿路,normal
N012,121.435779,31.23832,长寿路,normal
N013,121.432565,31.23147,武宁路桥,normal
N014,121.432641,31.231545,余姚路,normal
N015,121.439153,31.235874,余姚路,normal
N016,121.432523,31.237161,长寿路,normal
N017,121.432292,31.237285,叶家宅路,normal
N018,121.431466,31.23758,叶家宅路,normal
N019,121.431584,31.237998,route point,normal
N020,121.432158,31.238878,route point,normal
N021,121.431588,31.239163,route point,normal
N022,121.431423,31.239189,route point,normal
N023,121.434282,31.237864,route point,normal
N024,121.432399,31.237236,长寿路,normal
N025,121.436871,31.239631,长寿路,normal
N026,121.437731,31.24031,长寿路,normal
N027,121.438906,31.239312,常德路,normal
N028,121.436996,31.237553,新会路,normal
N029,121.432361,31.245428,光复西路,normal
N030,121.432592,31.24546,镇坪路辅路,normal
N031,121.432222,31.246232,镇坪路辅路,normal
N032,121.430704,31.248137,镇坪路,normal
N033,121.43064,31.248056,镇坪路,normal
N034,121.433011,31.243507,镇坪路,normal
N035,121.43307,31.243534,宜昌路,normal
N036,121.4344,31.245095,宜昌路,normal
N037,121.434684,31.244966,宜昌路,normal
N038,121.436632,31.246415,宜昌路,normal
N039,121.436305,31.24664,route point,normal
N040,121.437054,31.247353,route point,normal
N041,121.436793,31.247681,route point,normal
N042,121.436996,31.24678,宜昌路,normal
N043,121.441363,31.24326,陕西北路,normal
N044,121.435688,31.238465,长寿路,normal
N045,121.438096,31.225499,武宁路桥,normal
N046,121.43838,31.225472,万航渡路,normal
N047,121.440945,31.225284,万航渡路,normal
N048,121.440408,31.224764,乌鲁木齐北路,normal
N049,121.441835,31.223387,乌鲁木齐北路,normal
N050,121.441969,31.223267,乌鲁木齐北路,normal
N051,121.445542,31.224517,愚园路,normal
N052,121.433424,31.249387,光复西路,normal
N053,121.44456,31.24289,光复西路,normal
N054,121.442763,31.241984,新会路,normal
N055,121.449117,31.235363,陕西北路,normal
N056,121.450697,31.233943,陕西北路,normal
N057,121.442554,31.229994,武定路,normal
N058,121.447754,31.239638,光复西路,normal
N059,121.448117,31.239264,江宁路,normal
N060,121.451577,31.235391,光复西路,normal
N061,121.456314,31.23744,康定路,normal
N062,121.456909,31.237022,康定东路,normal
N063,121.458454,31.237692,康定东路,normal
N064,121.459007,31.237461,康定东路,normal
N065,121.459302,31.237563,顺德路,normal
N066,121.459683,31.237729,顺德路,normal
N067,121.459817,31.237794,顺德路,normal
N068,121.456512,31.237419,康定东路,normal
N069,121.453422,31.235986,康定东路,normal
N070,121.451507,31.237708,昌化路,normal
N071,121.451346,31.237853,昌平路,normal
N072,121.440709,31.233867,昌平路,normal
N073,121.442769,31.224683,万航渡路,normal
N074,121.442908,31.224737,北京西路,normal
N075,121.45211,31.229248,北京西路,normal
N076,121.455166,31.230193,北京西路,normal
N077,121.45515,31.230263,江宁路,normal
N078,121.449989,31.237118,江宁路,normal
N079,121.449909,31.23721,昌平路,normal
N080,121.43352,31.23044,武宁路桥,normal
N081,121.433655,31.230423,康定路,normal
N082,121.439228,31.231389,康定路,normal
N083,121.439765,31.230616,延平路,normal
N084,121.443793,31.232403,康定路,normal
N085,121.44389,31.23244,常德路,normal
N086,121.44264,31.233663,常德路,normal
N087,121.442695,31.233683,route point,normal
N088,121.442715,31.23369,route point,normal
N089,121.4422,31.234382,常德路,normal
N090,121.442034,31.234388,昌平路,normal
N091,121.444396,31.231836,镇坪路,normal
N092,121.445295,31.230965,常德路,normal
N093,121.445376,31.231003,武定路,normal
N094,121.445361,31.231016,常德路,normal
N095,121.436433,31.226996,武宁路桥,normal
N096,121.43217,31.224698,武定西路,normal
N097,121.429046,31.223096,武定西路,normal
N098,121.42777,31.224222,江苏路,normal
N099,121.421059,31.234313,曹杨路,normal
N100,121.42762,31.224217,曹杨路,normal
N101,121.42762,31.229157,长宁路,normal
N102,121.432896,31.226634,万航渡路,normal
N103,121.435484,31.225075,万航渡路,normal
N104,121.432238,31.243309,宜昌路,normal
N105,121.431289,31.244076,route point,normal
N106,121.43103,31.244016,route point,normal
N107,121.43101,31.244011,route point,normal
N108,121.431353,31.22449,武定西路,normal
N109,121.429079,31.227468,route point,normal
N110,121.429368,31.228423,route point,normal
N111,121.429422,31.228423,康定路,normal
N112,121.430774,31.229179,康定路,normal
N113,121.431117,31.229147,康定路,normal
N114,121.443605,31.243979,长寿路,normal
N115,121.436855,31.239619,network_wuning_to_xikang destination,context
N116,121.447779,31.239655,network_xikang_to_beijingwest destination,context
N117,121.432151,31.224689,network_wuning_to_wanhangdu destination,context
N118,121.441795,31.223354,network_wanhangdu_to_jingan destination,context
N119,121.430988,31.224464,武定西路,normal
N120,121.431595,31.223755,route point,normal
N121,121.432281,31.22368,route point,normal
N122,121.432855,31.22243,武定西路方向,normal
N123,121.439856,31.225488,镇宁路465弄通道,normal
N124,121.44022,31.225456,万航渡路,normal
N125,121.444408,31.231824,network_wanhangdu_to_kangding destination,context
N126,121.446497,31.229367,常德路,normal
N127,121.446588,31.229447,常德路,normal
N128,121.439979,31.237955,常德路,normal
N129,121.445955,31.241447,安远路,normal
N130,121.449223,31.235433,network_beijingwest_to_jiangning destination,context
N131,121.446486,31.238475,海防路,normal
N132,121.42983,31.233637,长寿路,normal
N133,121.424465,31.23773,武宁路,normal
N134,121.44338,31.227993,胶州路,normal
N135,121.439963,31.225606,新闸路,normal
N136,121.437208,31.247443,context_fire_yichang destination,context
N137,121.437619,31.240455,常德路,normal
N138,121.452292,31.2289,context_wuning_nanjingwest destination,context
N139,121.45213,31.229254,北京西路,normal
N140,121.444849,31.243134,context_changshou_yichang origin,context
N141,121.444764,31.24288,route point,normal
N142,121.444373,31.243336,route point,normal
N143,121.444217,31.243255,route point,normal
N144,121.440371,31.247568,江宁路,normal
N145,121.439292,31.248807,江宁路辅路,normal
N146,121.442871,31.233709,context_jingan_changde destination,context
N147,121.446942,31.227124,北京西路,normal
N148,121.447039,31.227237,常德路,normal
N149,121.453675,31.232714,江宁路,normal
N150,121.449667,31.234763,陕西北路,normal
N151,121.460595,31.239715,康定东路,normal
N152,121.460707,31.239591,大田路,normal
N153,121.462086,31.237547,大田路,normal
N154,121.462134,31.237483,新闸路,normal
N155,121.464076,31.238245,新闸路,normal
N156,121.46443,31.238384,天目中路立交桥,normal
N157,121.463647,31.240256,天目中路立交桥,normal
N158,121.462923,31.241742,天目中路立交桥,normal
N159,121.462848,31.244677,天目中路立交桥,normal
N160,121.462064,31.245658,天目中路立交桥,normal
N161,121.461732,31.245621,天目中路立交桥,normal
N162,121.452146,31.245658,天目中路立交桥,normal
N163,121.451362,31.245546,北横通道,normal
N164,121.442173,31.24546,光复西路,normal
N165,121.442296,31.245519,普陀路,normal
N166,121.444539,31.246034,普陀路,normal
N167,121.44492,31.244403,昌化路,normal
N168,121.444984,31.24428,天目西路,normal
N169,121.445848,31.24451,天目西路,normal
N170,121.453546,31.245728,天目西路,normal
N171,121.453884,31.245771,北横通道入口,normal
N172,121.45862,31.245986,北横通道入口,normal
N173,121.461796,31.244929,天目中路立交桥,normal
