edge_id,from,to,road_name,traffic_road_name,traffic_status,traffic_status_label,traffic_speed_kmh,matched_distance_km,original_congestion,mapped_congestion,traffic_captured_at
AM0001,N001,N003,光复西路,光复西路,1,expedite,30,0.0009,0.05,0.05,2026-06-22T21:31:15
AM0002,N004,N005,谈家渡路,曹杨路,1,expedite,35,0.0072,0.05,0.05,2026-06-22T21:31:15
AM0003,N006,N007,曹杨路,曹杨路,1,expedite,35,0.0,0.05,0.05,2026-06-22T21:31:15
AM0004,N007,N008,普雄路,普雄路,1,expedite,30,0.0003,0.05,0.05,2026-06-22T21:31:15
AM0005,N009,N010,武宁路桥,武宁路,1,expedite,50,0.0001,0.19,0.19,2026-06-22T21:31:15
AM0006,N011,N012,长寿路,安远路,1,expedite,25,0.0001,0.05,0.05,2026-06-22T21:31:15
AM0007,N012,N002,胶州路,胶州路,1,expedite,25,0.0,0.05,0.05,2026-06-22T21:31:15
AM0008,N009,N013,武宁路桥,武宁南路,1,expedite,35,0.0,0.342,0.342,2026-06-22T21:31:15
AM0009,N014,N015,余姚路,余姚路,1,expedite,100,0.0,0.05,0.05,2026-06-22T21:31:15
AM0010,N015,N002,胶州路,胶州路,1,expedite,25,0.0003,0.05,0.05,2026-06-22T21:31:15
AM0011,N011,N016,长寿路,安远路,1,expedite,25,0.0001,0.05,0.05,2026-06-22T21:31:15
AM0012,N017,N018,叶家宅路,长寿路,1,expedite,30,0.0076,0.05,0.05,2026-06-22T21:31:15
AM0017,N022,N023,向东南行驶343米右转进入主路,长寿路,1,expedite,30,0.0014,0.15,0.15,2026-06-22T21:31:15
AM0018,N023,N024,长寿路,长寿路,1,expedite,30,0.001,0.05,0.05,2026-06-22T21:31:15
AM0019,N016,N012,长寿路,胶州路,1,expedite,25,0.0002,0.05,0.05,2026-06-22T21:31:15
AM0020,N011,N025,长寿路,安远路,1,expedite,25,0.0001,0.05,0.05,2026-06-22T21:31:15
AM0021,N025,N026,长寿路,常德路,1,expedite,30,0.0027,0.05,0.05,2026-06-22T21:31:15
AM0022,N026,N027,常德路,常德路,1,expedite,30,0.0002,0.05,0.05,2026-06-22T21:31:15
AM0023,N027,N028,新会路,常德路,1,expedite,30,0.0011,0.05,0.05,2026-06-22T21:31:15
AM0024,N028,N002,胶州路,胶州路,1,expedite,25,0.0,0.05,0.05,2026-06-22T21:31:15
AM0025,N001,N029,光复西路,光复西路,1,expedite,30,0.0001,0.05,0.05,2026-06-22T21:31:15
AM0026,N030,N031,镇坪路辅路,光复西路,1,expedite,30,0.0003,0.05,0.05,2026-06-22T21:31:15
AM0027,N031,N032,镇坪路,凯旋北路,1,expedite,56,0.0006,0.05,0.05,2026-06-22T21:31:15
AM0028,N033,N034,镇坪路,镇坪路,1,expedite,35,0.0001,0.05,0.05,2026-06-22T21:31:15
AM0029,N035,N036,宜昌路,宜昌路,1,expedite,30,0.0001,0.05,0.05,2026-06-22T21:31:15
AM0030,N037,N038,宜昌路,宜昌路,1,expedite,25,0.0,0.05,0.05,2026-06-22T21:31:15
AM0031,N038,N039,向西北行驶39米右转,宜昌路,1,expedite,25,0.0007,0.15,0.15,2026-06-22T21:31:15
AM0032,N039,N040,向东北行驶120米到达途经地,宜昌路,1,expedite,25,0.0168,0.15,0.15,2026-06-22T21:31:15
AM0033,N040,N041,向西北行驶44米左转调头,宜昌路,1,expedite,25,0.0375,0.15,0.15,2026-06-22T21:31:15
AM0034,N041,N039,向西南行驶164米向左后方行驶,宜昌路,1,expedite,25,0.0168,0.15,0.15,2026-06-22T21:31:15
AM0035,N039,N038,向东南行驶39米左转,宜昌路,1,expedite,25,0.0007,0.15,0.15,2026-06-22T21:31:15
AM0036,N038,N042,宜昌路,宜昌路,1,expedite,25,0.0004,0.05,0.05,2026-06-22T21:31:15
AM0037,N042,N043,陕西北路,宜昌路,1,expedite,30,0.0001,0.05,0.05,2026-06-22T21:31:15
AM0038,N043,N044,长寿路,长寿路,1,expedite,30,0.0001,0.05,0.05,2026-06-22T21:31:15
AM0039,N009,N045,武宁路桥,武宁南路,1,expedite,35,0.0,0.05,0.05,2026-06-22T21:31:15
AM0040,N046,N047,万航渡路,万航渡路,1,expedite,30,0.0003,0.05,0.05,2026-06-22T21:31:15
AM0041,N047,N048,乌鲁木齐北路,乌鲁木齐北路,1,expedite,30,0.0004,0.05,0.05,2026-06-22T21:31:15
AM0042,N048,N049,乌鲁木齐北路,乌鲁木齐北路,1,expedite,25,0.0001,0.05,0.05,2026-06-22T21:31:15
AM0043,N049,N050,乌鲁木齐北路,愚园路,1,expedite,25,0.0006,0.05,0.05,2026-06-22T21:31:15
AM0044,N050,N051,愚园路,愚园路,1,expedite,25,0.0001,0.05,0.05,2026-06-22T21:31:15
AM0045,N051,N002,胶州路,胶州路,1,expedite,25,0.0,0.05,0.05,2026-06-22T21:31:15
AM0046,N001,N052,光复西路,光复西路,1,expedite,30,0.0001,0.05,0.05,2026-06-22T21:31:15
AM0047,N052,N053,光复西路,江宁路,1,expedite,30,0.0,0.05,0.05,2026-06-22T21:31:15
AM0048,N053,N054,新会路,江宁路,1,expedite,30,0.0001,0.05,0.05,2026-06-22T21:31:15
AM0049,N054,N055,陕西北路,陕西北路,1,expedite,25,0.0,0.05,0.05,2026-06-22T21:31:15
AM0050,N055,N056,陕西北路,陕西北路,1,expedite,25,0.0001,0.05,0.05,2026-06-22T21:31:15
AM0051,N056,N057,武定路,武定路,1,expedite,25,0.0001,0.05,0.05,2026-06-22T21:31:15
AM0052,N057,N002,胶州路,胶州路,1,expedite,25,0.0,0.05,0.05,2026-06-22T21:31:15
AM0053,N052,N058,光复西路,江宁路,1,expedite,30,0.0,0.05,0.05,2026-06-22T21:31:15
AM0054,N058,N059,江宁路,海防路,1,expedite,25,0.0011,0.05,0.05,2026-06-22T21:31:15
AM0055,N059,N015,海防路,海防路,1,expedite,25,0.0,0.05,0.05,2026-06-22T21:31:15
AM0056,N052,N060,光复西路,江宁路,1,expedite,30,0.0,0.05,0.05,2026-06-22T21:31:15
AM0057,N060,N061,康定路,康定路,1,expedite,30,0.0001,0.05,0.05,2026-06-22T21:31:15
AM0058,N061,N062,康定东路,康定东路,1,expedite,25,0.0002,0.05,0.05,2026-06-22T21:31:15
AM0059,N062,N063,康定东路,康定东路,1,expedite,25,0.0003,0.05,0.05,2026-06-22T21:31:15
AM0060,N063,N064,康定东路,康定东路,1,expedite,25,0.0001,0.05,0.05,2026-06-22T21:31:15
AM0061,N065,N066,顺德路,石门二路,1,expedite,35,0.01,0.15,0.15,2026-06-22T21:31:15
AM0063,N067,N065,顺德路,石门二路,1,expedite,35,0.01,0.15,0.15,2026-06-22T21:31:15
AM0064,N063,N068,康定东路,康定东路,1,expedite,25,0.0002,0.05,0.05,2026-06-22T21:31:15
AM0065,N068,N069,康定东路,康定东路,1,expedite,25,0.0007,0.05,0.05,2026-06-22T21:31:15
AM0066,N069,N070,昌化路,昌化路,1,expedite,30,0.0003,0.05,0.05,2026-06-22T21:31:15
AM0067,N071,N072,昌平路,昌平路,1,expedite,35,0.0003,0.05,0.05,2026-06-22T21:31:15
AM0068,N072,N002,胶州路,胶州路,1,expedite,25,0.0,0.05,0.05,2026-06-22T21:31:15
AM0069,N046,N073,万航渡路,万航渡路,1,expedite,30,0.0003,0.05,0.05,2026-06-22T21:31:15
AM0070,N074,N075,北京西路,胶州路,1,expedite,25,0.0,0.05,0.05,2026-06-22T21:31:15
AM0071,N075,N076,北京西路,北京西路,1,expedite,30,0.0002,0.05,0.05,2026-06-22T21:31:15
AM0072,N077,N078,江宁路,江宁路,1,expedite,30,0.0,0.05,0.05,2026-06-22T21:31:15
AM0073,N079,N072,昌平路,昌平路,1,expedite,35,0.0003,0.05,0.05,2026-06-22T21:31:15
AM0074,N009,N080,武宁路桥,武宁南路,1,expedite,35,0.0,0.05,0.05,2026-06-22T21:31:15
AM0075,N081,N082,康定路,康定路,1,expedite,25,0.0,0.05,0.05,2026-06-22T21:31:15
AM0076,N082,N083,延平路,康定路,1,expedite,30,0.0008,0.05,0.05,2026-06-22T21:31:15
AM0077,N083,N084,康定路,康定路,1,expedite,30,0.0,0.05,0.05,2026-06-22T21:31:15
AM0078,N085,N086,常德路,常德路,1,expedite,30,0.0013,0.05,0.05,2026-06-22T21:31:15
AM0079,N086,N087,向东行驶6米到达途经地,常德路,1,expedite,30,0.0015,0.15,0.15,2026-06-22T21:31:15
AM0080,N087,N088,向东行驶2米左转调头,常德路,1,expedite,30,0.0072,0.15,0.15,2026-06-22T21:31:15
AM0081,N088,N086,向西行驶7米右转,常德路,1,expedite,30,0.0015,0.15,0.15,2026-06-22T21:31:15
AM0082,N086,N089,常德路,昌平路,1,expedite,30,0.0001,0.05,0.05,2026-06-22T21:31:15
AM0083,N090,N072,昌平路,胶州路,1,expedite,25,0.0007,0.05,0.05,2026-06-22T21:31:15
AM0084,N033,N091,镇坪路,常德路,1,expedite,30,0.0,0.05,0.05,2026-06-22T21:31:15
AM0085,N091,N092,常德路,常德路,1,expedite,30,0.0003,0.05,0.05,2026-06-22T21:31:15
AM0086,N092,N057,武定路,武定路,1,expedite,25,0.0001,0.05,0.05,2026-06-22T21:31:15
AM0087,N054,N056,陕西北路,陕西北路,1,expedite,25,0.0,0.05,0.05,2026-06-22T21:31:15
AM0088,N056,N093,武定路,武定路,1,expedite,25,0.0001,0.05,0.05,2026-06-22T21:31:15
AM0089,N093,N094,常德路,武定路,1,expedite,25,0.0004,0.05,0.05,2026-06-22T21:31:15
AM0090,N094,N089,常德路,昌平路,1,expedite,30,0.0001,0.05,0.05,2026-06-22T21:31:15
AM0091,N009,N095,武宁路桥,武宁南路,1,expedite,35,0.0,0.05,0.05,2026-06-22T21:31:15
AM0092,N095,N096,武定西路,万航渡路,1,expedite,30,0.0003,0.05,0.05,2026-06-22T21:31:15
AM0093,N096,N097,武定西路,武定西路,0,unknown,,0.0001,0.05,0.15,2026-06-22T21:31:15
AM0094,N097,N098,江苏路,江苏路,1,expedite,35,0.0004,0.05,0.05,2026-06-22T21:31:15
AM0095,N098,N012,长宁路,长宁路,1,expedite,35,0.0001,0.05,0.05,2026-06-22T21:31:15
AM0096,N099,N100,曹杨路,江苏北路,1,expedite,45,0.0,0.05,0.05,2026-06-22T21:31:15
AM0097,N098,N101,长宁路,长宁路,1,expedite,35,0.0001,0.05,0.05,2026-06-22T21:31:15
AM0098,N101,N102,万航渡路,万航渡路,1,expedite,30,0.0,0.05,0.05,2026-06-22T21:31:15
AM0099,N102,N103,万航渡路,万航渡路,1,expedite,30,0.0,0.05,0.05,2026-06-22T21:31:15
AM0100,N103,N047,万航渡路,万航渡路,1,expedite,30,0.0,0.05,0.05,2026-06-22T21:31:15
AM0101,N034,N104,宜昌路,常德路,1,expedite,30,0.0,0.05,0.05,2026-06-22T21:31:15
AM0102,N104,N105,向西北行驶123米左转,宜昌路,1,expedite,25,0.0034,0.15,0.15,2026-06-22T21:31:15
AM0106,N105,N104,向东南行驶123米左转,宜昌路,1,expedite,25,0.0034,0.15,0.15,2026-06-22T21:31:15
AM0107,N104,N036,宜昌路,常德路,1,expedite,30,0.0,0.05,0.05,2026-06-22T21:31:15
AM0108,N026,N091,常德路,常德路,1,expedite,30,0.0,0.05,0.05,2026-06-22T21:31:15
AM0109,N096,N108,武定西路,武定西路,0,unknown,,0.002,0.05,0.15,2026-06-22T21:31:15
AM0110,N108,N109,向西北行驶403米靠右,武定西路,0,unknown,,0.002,0.05,0.15,2026-06-22T21:31:15
AM0111,N109,N110,向北行驶120米向右前方行驶,万航渡路,1,expedite,30,0.0004,0.05,0.05,2026-06-22T21:31:15
AM0112,N111,N112,康定路,康定路,1,expedite,25,0.0002,0.05,0.05,2026-06-22T21:31:15
AM0113,N113,N082,康定路,康定路,1,expedite,25,0.0,0.05,0.05,2026-06-22T21:31:15
AM0114,N084,N091,常德路,常德路,1,expedite,30,0.0011,0.05,0.05,2026-06-22T21:31:15
AM0115,N025,N114,长寿路,长寿路,1,expedite,30,0.0,0.05,0.05,2026-06-22T21:31:15
AM0116,N114,N058,江宁路,江宁路,1,expedite,30,0.0,0.05,0.05,2026-06-22T21:31:15
AM0117,N011,N115,长寿路,安远路,1,expedite,25,0.0001,0.05,0.05,2026-06-22T21:31:15
AM0118,N115,N026,长寿路,常德路,1,expedite,30,0.0027,0.05,0.05,2026-06-22T21:31:15
AM0119,N115,N114,长寿路,长寿路,1,expedite,30,0.0,0.05,0.05,2026-06-22T21:31:15
AM0120,N114,N116,江宁路,江宁路,1,expedite,30,0.0,0.05,0.05,2026-06-22T21:31:15
AM0121,N116,N059,江宁路,海防路,1,expedite,25,0.0011,0.05,0.05,2026-06-22T21:31:15
AM0122,N095,N117,武定西路,万航渡路,1,expedite,30,0.0003,0.05,0.05,2026-06-22T21:31:15
AM0123,N117,N119,武定西路,武定西路,0,unknown,,0.002,0.05,0.15,2026-06-22T21:31:15
AM0124,N119,N120,向东南行驶97米左转,武定西路,0,unknown,,0.0013,0.15,0.15,2026-06-22T21:31:15
AM0126,N121,N122,武定西路方向,武定西路,1,expedite,25,0.1025,0.15,0.15,2026-06-22T21:31:15
AM0127,N122,N123,镇宁路465弄通道,万航渡路,1,expedite,30,0.0017,0.05,0.05,2026-06-22T21:31:15
AM0128,N124,N047,万航渡路,万航渡路,1,expedite,30,0.0003,0.05,0.05,2026-06-22T21:31:15
AM0129,N048,N118,乌鲁木齐北路,乌鲁木齐北路,1,expedite,25,0.0001,0.05,0.05,2026-06-22T21:31:15
AM0130,N118,N050,乌鲁木齐北路,愚园路,1,expedite,25,0.0006,0.05,0.05,2026-06-22T21:31:15
AM0131,N117,N108,武定西路,武定西路,0,unknown,,0.002,0.05,0.15,2026-06-22T21:31:15
AM0132,N084,N125,常德路,常德路,1,expedite,30,0.0011,0.05,0.05,2026-06-22T21:31:15
AM0133,N125,N092,常德路,常德路,1,expedite,30,0.0003,0.05,0.05,2026-06-22T21:31:15
AM0134,N125,N126,常德路,常德路,1,expedite,30,0.0,0.05,0.05,2026-06-22T21:31:15
AM0135,N127,N128,常德路,常德路,1,expedite,30,0.0,0.05,0.05,2026-06-22T21:31:15
AM0136,N128,N129,安远路,安远路,1,expedite,25,0.0,0.05,0.05,2026-06-22T21:31:15
AM0137,N129,N116,江宁路,江宁路,1,expedite,30,0.0,0.05,0.05,2026-06-22T21:31:15
AM0138,N059,N131,海防路,陕西北路,1,expedite,25,0.001,0.05,0.05,2026-06-22T21:31:15
AM0139,N131,N130,陕西北路,陕西北路,1,expedite,25,0.0,0.05,0.05,2026-06-22T21:31:15
AM0140,N130,N056,陕西北路,陕西北路,1,expedite,25,0.0001,0.05,0.05,2026-06-22T21:31:15
AM0141,N044,N132,长寿路,长寿路,1,expedite,30,0.0001,0.062,0.062,2026-06-22T21:31:15
AM0142,N132,N133,武宁路,长寿路,1,expedite,30,0.0001,0.05,0.05,2026-06-22T21:31:15
AM0143,N008,N004,武宁支路,普雄路,1,expedite,30,0.0004,0.05,0.05,2026-06-22T21:31:15
AM0144,N002,N134,胶州路,胶州路,1,expedite,25,0.0,0.05,0.05,2026-06-22T21:31:15
AM0145,N134,N135,新闸路,新闸路,1,expedite,30,0.0,0.05,0.05,2026-06-22T21:31:15
AM0146,N012,N026,长寿路,长寿路,1,expedite,30,0.0002,0.05,0.05,2026-06-22T21:31:15
AM0147,N137,N035,常德路,常德路,1,expedite,30,0.0001,0.05,0.05,2026-06-22T21:31:15
AM0148,N039,N136,向东北行驶120米到达目的地,宜昌路,1,expedite,25,0.0168,0.15,0.15,2026-06-22T21:31:15
AM0149,N054,N130,陕西北路,陕西北路,1,expedite,25,0.0,0.05,0.05,2026-06-22T21:31:15
AM0150,N074,N139,北京西路,胶州路,1,expedite,25,0.0,0.05,0.05,2026-06-22T21:31:15
AM0151,N139,N138,向东南行驶28米到达目的地,北京西路,1,expedite,30,0.0004,0.15,0.15,2026-06-22T21:31:15
AM0152,N140,N141,向西南行驶22米右转,江宁路,1,expedite,30,0.0156,0.15,0.15,2026-06-22T21:31:15
AM0153,N141,N142,向西北行驶63米左转,江宁路,1,expedite,30,0.0156,0.15,0.15,2026-06-22T21:31:15
AM0154,N142,N143,向西南行驶17米右转,江宁路,1,expedite,30,0.0001,0.15,0.15,2026-06-22T21:31:15
AM0155,N143,N144,江宁路,江宁路,1,expedite,30,0.0001,0.05,0.05,2026-06-22T21:31:15
AM0156,N144,N145,江宁路辅路,宜昌路,1,expedite,25,0.0015,0.05,0.05,2026-06-22T21:31:15
AM0157,N145,N038,宜昌路,宜昌路,1,expedite,30,0.0003,0.05,0.05,2026-06-22T21:31:15
AM0158,N050,N147,北京西路,胶州路,1,expedite,25,0.0,0.05,0.05,2026-06-22T21:31:15
AM0159,N148,N086,常德路,常德路,1,expedite,30,0.0003,0.05,0.05,2026-06-22T21:31:15
AM0160,N086,N088,向东行驶7米向左前方行驶,常德路,1,expedite,30,0.0015,0.15,0.15,2026-06-22T21:31:15
AM0161,N088,N146,向东北行驶12米到达目的地,常德路,1,expedite,30,0.0092,0.15,0.15,2026-06-22T21:31:15
AM0162,N138,N139,向西北行驶28米右转,北京西路,1,expedite,30,0.0004,0.15,0.15,2026-06-22T21:31:15
AM0163,N139,N076,北京西路,北京西路,1,expedite,30,0.0002,0.05,0.05,2026-06-22T21:31:15
AM0164,N077,N149,江宁路,江宁路,1,expedite,30,0.0001,0.05,0.05,2026-06-22T21:31:15
AM0165,N149,N134,新闸路,新闸路,1,expedite,30,0.0,0.05,0.05,2026-06-22T21:31:15
AM0166,N130,N150,陕西北路,陕西北路,1,expedite,25,0.0001,0.05,0.05,2026-06-22T21:31:15
AM0167,N150,N061,康定路,康定路,1,expedite,30,0.0001,0.05,0.05,2026-06-22T21:31:15
AM0168,N063,N151,康定东路,康定东路,1,expedite,25,0.0,0.05,0.05,2026-06-22T21:31:15
AM0169,N152,N153,大田路,新闸路,1,expedite,30,0.0025,0.05,0.05,2026-06-22T21:31:15
AM0170,N154,N155,新闸路,新闸路,1,expedite,30,0.0006,0.05,0.05,2026-06-22T21:31:15
AM0171,N156,N157,天目中路立交桥,新闸路,1,expedite,30,0.0002,0.05,0.05,2026-06-22T21:31:15
AM0172,N157,N158,天目中路立交桥,南北高架路,1,expedite,50,0.0038,0.05,0.05,2026-06-22T21:31:15
AM0173,N158,N159,天目中路立交桥,南北高架路,1,expedite,50,0.0013,0.05,0.05,2026-06-22T21:31:15
AM0174,N159,N160,天目中路立交桥,天目中路,1,expedite,35,0.0014,0.05,0.05,2026-06-22T21:31:15
AM0175,N160,N161,天目中路立交桥,天目中路,1,expedite,30,0.0165,0.05,0.05,2026-06-22T21:31:15
AM0176,N161,N162,天目中路立交桥,梅园路,1,expedite,30,0.0002,0.05,0.05,2026-06-22T21:31:15
AM0177,N162,N163,北横通道,长安路,1,expedite,25,0.0021,0.05,0.05,2026-06-22T21:31:15
AM0178,N163,N140,北横通道,长寿路,1,expedite,30,0.0015,0.05,0.05,2026-06-22T21:31:15
AM0179,N052,N164,光复西路,江宁路,1,expedite,30,0.0,0.05,0.05,2026-06-22T21:31:15
AM0180,N165,N166,普陀路,昌化路,1,expedite,30,0.0008,0.05,0.05,2026-06-22T21:31:15
AM0181,N166,N167,昌化路,长寿路,1,expedite,30,0.0002,0.05,0.05,2026-06-22T21:31:15
AM0182,N168,N169,天目西路,昌化路,1,expedite,30,0.0015,0.05,0.05,2026-06-22T21:31:15
AM0183,N169,N170,天目西路,长寿路,1,expedite,30,0.0,0.05,0.05,2026-06-22T21:31:15
AM0184,N171,N172,北横通道入口,天目西路,1,expedite,35,0.0001,0.05,0.05,2026-06-22T21:31:15
AM0185,N172,N173,天目中路立交桥,天目西路,1,expedite,35,0.0025,0.05,0.05,2026-06-22T21:31:15
AM0186,N173,N160,天目中路立交桥,南北高架路,1,expedite,50,0.0001,0.05,0.05,2026-06-22T21:31:15
AM0187,N117,N097,武定西路,武定西路,0,unknown,,0.0001,0.05,0.15,2026-06-22T21:31:15
