address,latitude,longitude,name,note,osm_id,source,source_url,type
,30.6851715,104.1128769,八里医院,真实地图点位；人员与车辆数量未公开，项目中置为0。,node/1949246070,OpenStreetMap Overpass API,https://www.openstreetmap.org/copyright,医疗
,30.68693,104.1177329,东区医院,真实地图点位；人员与车辆数量未公开，项目中置为0。,node/1956621325,OpenStreetMap Overpass API,https://www.openstreetmap.org/copyright,医疗
,30.6754365,104.0747145,丽婴房,真实地图点位；人员与车辆数量未公开，项目中置为0。,node/1958204071,OpenStreetMap Overpass API,https://www.openstreetmap.org/copyright,医疗
,30.6701337,104.0957683,成都成华戈韦尔医院,真实地图点位；人员与车辆数量未公开，项目中置为0。,node/1964383754,OpenStreetMap Overpass API,https://www.openstreetmap.org/copyright,医疗
,30.6647509,104.1185719,成都市华川医院,真实地图点位；人员与车辆数量未公开，项目中置为0。,node/1964586853,OpenStreetMap Overpass API,https://www.openstreetmap.org/copyright,医疗
,30.4894871,103.9917581,公兴社区卫生服务中心,真实地图点位；人员与车辆数量未公开，项目中置为0。,node/2615891835,OpenStreetMap Overpass API,https://www.openstreetmap.org/copyright,医疗
,30.658885,104.1127172,成都中德肾病医院,真实地图点位；人员与车辆数量未公开，项目中置为0。,node/2651673336,OpenStreetMap Overpass API,https://www.openstreetmap.org/copyright,医疗
,30.6104738,104.0779287,安琪儿妇产医院,真实地图点位；人员与车辆数量未公开，项目中置为0。,node/2716031253,OpenStreetMap Overpass API,https://www.openstreetmap.org/copyright,医疗
,30.687598,104.0737417,五冶医院,真实地图点位；人员与车辆数量未公开，项目中置为0。,node/2817623839,OpenStreetMap Overpass API,https://www.openstreetmap.org/copyright,医疗
,30.5225553,104.0532668,贝康宠物医院,真实地图点位；人员与车辆数量未公开，项目中置为0。,node/3673105396,OpenStreetMap Overpass API,https://www.openstreetmap.org/copyright,医疗
,30.6536849,104.1010371,新华医院,真实地图点位；人员与车辆数量未公开，项目中置为0。,node/4201795165,OpenStreetMap Overpass API,https://www.openstreetmap.org/copyright,医疗
岷江路1666号1666号,30.63444,104.1210049,四川微医互联网医院,真实地图点位；人员与车辆数量未公开，项目中置为0。,node/4601641604,OpenStreetMap Overpass API,https://www.openstreetmap.org/copyright,医疗
成都市府城大道516,30.5915278,104.0513544,成都市急救指挥中心(120),真实地图点位；人员与车辆数量未公开，项目中置为0。,node/4661854188,OpenStreetMap Overpass API,https://www.openstreetmap.org/copyright,医疗
,30.5900136,104.0524212,拉斐尔口腔,真实地图点位；人员与车辆数量未公开，项目中置为0。,node/4702508991,OpenStreetMap Overpass API,https://www.openstreetmap.org/copyright,医疗
成都市花牌坊街85号,30.679376,104.0480503,人民北路社区卫生服务中心,真实地图点位；人员与车辆数量未公开，项目中置为0。,node/4724343820,OpenStreetMap Overpass API,https://www.openstreetmap.org/copyright,医疗
,30.5491813,103.9842092,文星镇同济医院,真实地图点位；人员与车辆数量未公开，项目中置为0。,node/4771151813,OpenStreetMap Overpass API,https://www.openstreetmap.org/copyright,医疗
,30.6613642,104.0475088,门诊部,真实地图点位；人员与车辆数量未公开，项目中置为0。,node/4772476117,OpenStreetMap Overpass API,https://www.openstreetmap.org/copyright,医疗
,30.6748028,104.0554749,未命名医疗机构,真实地图点位；人员与车辆数量未公开，项目中置为0。,node/4831098724,OpenStreetMap Overpass API,https://www.openstreetmap.org/copyright,医疗
,30.6854918,104.0286775,未命名医疗机构,真实地图点位；人员与车辆数量未公开，项目中置为0。,node/5160197922,OpenStreetMap Overpass API,https://www.openstreetmap.org/copyright,医疗
,30.6703132,104.0633107,草市御河社区卫生服务中心,真实地图点位；人员与车辆数量未公开，项目中置为0。,node/5160198122,OpenStreetMap Overpass API,https://www.openstreetmap.org/copyright,医疗
,30.6642045,104.0943659,成华区人民医院,真实地图点位；人员与车辆数量未公开，项目中置为0。,node/5807318425,OpenStreetMap Overpass API,https://www.openstreetmap.org/copyright,医疗
,30.6821788,104.079176,海涛口腔,真实地图点位；人员与车辆数量未公开，项目中置为0。,node/6839483094,OpenStreetMap Overpass API,https://www.openstreetmap.org/copyright,医疗
,30.6807702,104.073161,未命名医疗机构,真实地图点位；人员与车辆数量未公开，项目中置为0。,node/6839838085,OpenStreetMap Overpass API,https://www.openstreetmap.org/copyright,医疗
青羊区上网家拐,30.6569402,104.0547645,汪家拐社区医院,真实地图点位；人员与车辆数量未公开，项目中置为0。,node/7069341985,OpenStreetMap Overpass API,https://www.openstreetmap.org/copyright,医疗
四川成都天府新区,30.4916567,104.1390723,北山诊所,真实地图点位；人员与车辆数量未公开，项目中置为0。,node/7236668455,OpenStreetMap Overpass API,https://www.openstreetmap.org/copyright,医疗
,30.6655666,104.1150242,未命名医疗机构,真实地图点位；人员与车辆数量未公开，项目中置为0。,node/8692997733,OpenStreetMap Overpass API,https://www.openstreetmap.org/copyright,医疗
,30.6667955,104.1212317,成华区跳蹬河社区卫生服务中心杉板桥分中心,真实地图点位；人员与车辆数量未公开，项目中置为0。,node/8995209382,OpenStreetMap Overpass API,https://www.openstreetmap.org/copyright,医疗
,30.6497821,104.0384869,武侯区浆洗街社区卫生服务中心,真实地图点位；人员与车辆数量未公开，项目中置为0。,node/9003487074,OpenStreetMap Overpass API,https://www.openstreetmap.org/copyright,医疗
,30.6475386,104.1519054,成华区保和社区卫生服务中心,真实地图点位；人员与车辆数量未公开，项目中置为0。,node/9560360623,OpenStreetMap Overpass API,https://www.openstreetmap.org/copyright,医疗
,30.7302968,103.9616761,医务室,真实地图点位；人员与车辆数量未公开，项目中置为0。,node/9565926192,OpenStreetMap Overpass API,https://www.openstreetmap.org/copyright,医疗
