chunk_id,doc_id,document_title,topic,source_file,source_type,text,char_count,quality_status
CHK_EQ_000001,EQ_DOC_001,原始来源核验机制,原始来源核验,地震灾害数据收集与整理.docx,整理报告,"基于知识图谱与大语言模型的地震灾害AI防灾减灾关键技术与多源数据融合研究报告

## 一、 引言与原始来源核验机制分析

在地震灾害的预防、减灾、应急响应及震后恢复重建过程中，构建高可信、可追溯的智能决策系统具有重要的现实意义。随着检索增强生成技术（RAG）特别是基于知识图谱的检索增强生成技术（GraphRAG）在防灾减灾领域的广泛应用，如何保证知识图谱底座语料的绝对真实性与高可追溯性，成为制约AI模型应用落地的技术瓶颈 [1]。传统的自动文本抽取技术在处理多源异构灾情文本时，极易因语料噪声产生“幻觉”现象。因此，在技术图谱语料构建的首要环节，必须建立严格的原始数据来源核验机制 [1]。

原始来源核验旨在确保图谱中的每一条实体、关系及声明（Statement）均能追溯至权威机构发布的原件、正式发表的学术论文、官方标准或专利文献，而非依赖本地二次加工的中文整理稿 [1]。通过构建结构化的原始来源核验系统，不仅能为图谱节点提供强证据支撑，还能为GraphRAG在问答评测阶段的“证据链追溯”提供底层物理映射 [1]。

表 1",468,待复核
CHK_EQ_000002,EQ_DOC_001,原始来源核验机制,原始来源核验,地震灾害数据收集与整理.docx,整理报告,"| 字段名称 | 数据类型 | 描述说明 | 进入图谱后的节点/属性映射 | 验证规范与约束 |
| --- | --- | --- | --- | --- |
| source_id | String | 资料全球唯一编号（如 SRC-001） | Document 节点的唯一主键属性 | 格式必须满足体系编码规范 [1] |
| source_type | Enum | 资料类型，限制为：案例、论文、报告、标准、数据集、API、政策、项目 | 映射为 Document 节点的分类标签 | 必须属于预设枚举值，严禁自定义 [1] |
| title | String | 资料正式完整英文/中文标题 | Document 节点的名称属性（name） | 必须采用标准全称，去除任何修饰符 [1] |
| organization_or_author | String | 发布机构或第一作者（含通讯作者） | Publisher / Author 节点关联 | 优先使用机构英文缩写或规范学者姓名 [1] |
| year | Integer | 正式发表或发布年份 | 关联边的年份属性（temporal_anchor） | 必须为四位数字，范围限制在 1900-2026 年 [1] |
| source_url | String | 原始网页链接、DOI链接或官方数据库API接口 | Document 节点的外部溯源URL属性 | 必须为可正常解析的绝对路径，严禁使用本地路径 [1] |
| access_date | Date | 数据的最后一次成功抓取或访问日期 | Document 的生命周期元数据 | 遵循格式 YYYY-MM-DD [1] |
| quality_status | Enum | 质量核验状态，限制为：已核验/待核验/不建议引用 | 决定该节点是否参与GraphRAG图索引构建 | 默认状态为“待核验”，需经专家审核复核更新 [1] |",842,待复核
CHK_EQ_000003,EQ_DOC_001,原始来源核验机制,原始来源核验,地震灾害数据收集与整理.docx,整理报告,这种多维核验体系在实际工程应用中，能够从根本上规避“非权威信息流向知识图谱”的系统性风险 [1]。原始数据经结构化处理并入库后，AI算法可基于统一的 source_id 进行边级关联，确保即使在后续极复杂的网络拓扑路径演化下，系统的推理逻辑链条依然具有可审计性 [1]。,135,待复核
CHK_EQ_000004,EQ_DOC_002,全球典型地震事件参数,地震事件参数核验,地震灾害数据收集与整理.docx,整理报告,"## 二、 全球典型地震事件及多网源参数核验

在防灾减灾AI图谱的“地震事件（Event）”节点构建中，震源物理参数的准确性直接决定了后续地震动模拟、破坏力评估及次生灾害链预测模型的输出质量 [1]。由于不同地震观测网络（如美国地质调查局 USGS、中国地震台网中心 CENC、日本气象厅 JMA）在台网分布、仪器校准、计算方法（如面波震级 与矩震级 的差异）等方面的技术路径不同，同一地震事件的测定参数往往存在系统性偏差 [2, 3]。

通过对比 USGS 与中国地震台网中心（CENC）对全球典型地震事件的正式测定结果，可以清晰地看出这些物理参数的技术异同点。这些偏差和参数的对比，为AI模型在跨区域部署时进行鲁棒性泛化提供了必要的“多网源校准数据集” [1]。

表 2",340,待复核
CHK_EQ_000005,EQ_DOC_002,全球典型地震事件参数,地震事件参数核验,地震灾害数据收集与整理.docx,整理报告,"| 地震事件名称与标定编号 | 测定网络机构 | 发震时刻 (UTC/北京时间) | 测定震级 (Magnitude) | 震源深度 (km) | 震中经纬度坐标 | 震源物理机制与破裂断层特性 |
| --- | --- | --- | --- | --- | --- | --- |
| 2024年日本能登半岛地震 us6000m0xl [4, 5] | USGS [4] | 2024-01-01 07:10:09 UTC [4] | [4] | [4] | , [4] | Noroshi-oki 逆断层破裂，走向西南-东北，最大走向滑动角呈逆冲滑移 [5, 6] |
|   | CENC [7] | 2024-01-01 15:10:09 北京时间 [7] | [7] | (JMA测定) [2] | , [2] | 浅源逆断层作用，地表形变最大垂直隆起高达 ，向西移动约 [8] |
| 2023年土耳其第一次强震 us6000jllz [9] | USGS [9] | 2023-02-06 01:17:34 UTC [9] | [9] | [10] | , [11] | 东安纳托利亚断裂带与死海变换断层交汇处浅源走滑，三联点极复杂滑移 [9, 12] |
|   | CENC [11] | 2023-02-06 09:17:00 北京时间 [11] | [11] | [11] | , [11] | 浅源左旋走滑型，破裂面长约 ，持续约 双侧破裂 [9, 11] |
| 2023年土耳其第二次强震 （Elbistan大震） [10] | USGS [10] | 2023-02-06 10:24:49 UTC [10] | [10] | [13] | , [13] | 独立于第一次大震的另一条东西走向分支走滑断层破裂（呈现非对称双侧破裂） [14, 15] |
|   | CENC [13] | 2023-02-06 18:24:00 北京时间 [13] | (矩震级 ) [13, 15] | [13] | , [13] | 浅源走滑，最大水平同震位移达 ，垂直向位移达 [15] |
| 2015年尼泊尔廓尔喀地震 us20002926 [6] | USGS [16] | 2015-04-25 06:11:26 UTC [3] | [16] | (另有测定 ) [3, 17] | , [17] | 喜马拉雅主前锋断裂带盲冲断层（主喜马拉雅逆冲断裂面）滑移，无显著地表破裂 [18] |
|   | CENC [19] | 2015-04-25 14:11:00 北京时间 [19] | [19] | [19] | , [19] | 极低角度逆断层推覆破裂，能量释放为汶川地震的1.4倍，破裂自西向东快速扩展 [3, 17] |
| 2021年海地尼普斯地震 us6000f212 [6] | USGS [20] | 2021-08-14 12:29:09 UTC [21] | [20] | [20] | , [20, 22] | 恩里基洛-芭蕉园断裂带（EPGF）系统分段滑移，兼具倾滑与左旋走滑 [21, 22] |
|   | CENC [23] | 2021-08-14 20:29:08 北京时间 [23] | [23] | [23] | , [23] | 东西向走滑型断裂，震中位于首都太子港西南约 [23] |
| 2024年中国台湾花莲地震 （台湾气象署第019号） [24] | Taiwan CWA [24] | 2024-04-03 07:58:09 当地时间 [24] | (2025年2月修正) [24] | [24] | , [24] | 菲律宾海板块与欧亚板块碰撞边界浅源逆断层破裂，伴随强烈盆地放大效应 [24] |
|   | CENC [24] | 2024-04-03 07:58:09 北京时间 [24] | [24] | [24] | , [24] | 浅源逆断层性质，引发近海局部海啸，震区及福建、浙江等沿海震感强烈 [24] |",1705,待复核
CHK_EQ_000006,EQ_DOC_002,全球典型地震事件参数,地震事件参数核验,地震灾害数据收集与整理.docx,整理报告,"对这些多网源事件参数的深度分析表明，震级标定差异（例如中国测定的 与 USGS 测定的 [3, 19]）在物理学上反映的是不同地震波段辐射能量的测量侧重点。基于面波震级 的测定更易受长周期面波传播路径的介质影响，而矩震级 则基于断层破裂面积与滑移量的刚度积分，更接近物理本质。AI防灾减灾图谱在建库时，需采用多维度多标量对震级属性进行冗余设计，以避免由于计算公式单一而在进行大震（如 ）损失预估时发生级联饱和误差 [25]。",212,待复核
CHK_EQ_000007,EQ_DOC_003,ShakeMap与PAGER影响评估,影响评估数据链,地震灾害数据收集与整理.docx,整理报告,"## 三、 地震动、烈度图与PAGER快速影响评估数据链

地震动参数（如地面峰值加速度 PGA、地面峰值速度 PGV）是评估地面震动剧烈程度和预测建筑物结构物理破坏力的核心指标 [4, 26]。美国地质调查局的 ShakeMap 系统和 PAGER（Prompt Assessment of Global Earthquakes for Response）系统，是当前全球最为先进的震后快速半结构化影响评估工具，广泛服务于灾害防御及应急资源调度决策 [26, 27, 28]。

PAGER 系统在发震后数分钟内自动触发，通过将快速推定的 ShakeMap 地震动场叠加在动态全球人口暴露体格网（WorldPop）及历史脆弱性矩阵上，预测可能造成的死亡人数和经济损失 [26, 27, 29]。PAGER 的红、橙、黄、绿四色警报阈值，为国际应急协调提供了量化的指挥链依据 [5, 29, 30]。

发震 (Earthquake Origin) │ ▼ 计算震源机制解与有限断层破裂线 (USGS Finite Fault Model) │ ▼ 融合台站实测波形 (Strong Motion Seismometers) ──► 绘制 ShakeMap 地震动图 (PGA / PGV / MMI) │ ▼ 合并暴露人口格网数据 (WorldPop Population Grid) ◄──────────┘ │ ▼ 叠加历史脆弱性矩阵 (Vulnerability Matrix) │ ▼ 生成 PAGER 快速评估结果 (死亡人数 / 经济损失估计值) │ ▼ 触发多色警报级别 ──► 输出标准 XML / XML-PAGER 数据包

表 3",727,待复核
CHK_EQ_000008,EQ_DOC_003,ShakeMap与PAGER影响评估,影响评估数据链,地震灾害数据收集与整理.docx,整理报告,"| 评估指标与评估报告产品类型 | 2024年能登半岛地震数据值 [2, 4, 5, 29] | 2023年土耳其双震（主震）数据值 [9, 10, 31, 32] | 2015年尼泊尔大震数据值 [16, 17, 33, 34] | 2021年海地大震数据值 [20, 21] |
| --- | --- | --- | --- | --- |
| ShakeMap 最大实测PGA | () [2] | 超出 范围 [10, 35] | - （由于 Kathmandu 盆地厚软沉积层放大，长周期波突出） [16] | [20] |
| 最大修正麦加利烈度 (MMI) | MMI IX - XI (极度暴烈震动) [2, 5] | MMI X (毁灭性强烈震动) [9] | MMI IX - X [3, 33] | MMI VIII (严重破坏烈度) [20] |
| PAGER 经济损失警报级别 | 红色警报（经济损失极可能达到数亿美元，占日本国内生产总值的1%以下） [29] | 红色警报（经济损失数额极其巨大，破坏性极广） [9] | 红色警报（预估经济损失达到数十亿美元，约占尼泊尔国内生产总值的50%） [16] | 红色警报（预估损失巨大，占其GDP约 ，达到 ） [20] |
| PAGER 人员伤亡警报级别 | 黄色至橙色警报（得益于日本极高设防标准，实际由于大震直接死亡 人） [2, 29] | 红色警报（极高概率造成上万人遇难，主震实际导致土耳其及叙利亚境内超 人遇难） [9, 31, 32] | 红色警报（预估超千人遇难，主震及余震实际造成尼泊尔境内超过 人死亡） [33, 34] | 红色警报（实际造成 人确认遇难，超过 人受伤） [20] |
| 对应 ShakeMap 可下载物理产品 | Intensity Contours (JSON), XML Grid, Uncertainty Grid, PGA Contours, Shape Files (ZIP) [4, 36] | Intensity Contours (JSON), XML Grid, PGA Map (JPG/PDF), Fault Rupture JSON [36] | Intensity Map (PDF), PAGER XML results, Fatality Alert Histogram (PDF/PNG) [29] | PGA contours, Landslide Inventory Data Release, XML Grid [37, 38] |",1097,待复核
CHK_EQ_000009,EQ_DOC_003,ShakeMap与PAGER影响评估,影响评估数据链,地震灾害数据收集与整理.docx,整理报告,"从工程运用的角度看，这些评估报告反映出地震动的不确定性（Uncertainty Grid）也是一项核心自变量 [4]。AI智能体在调用 ShakeMap 数据进行灾害体分析时，不能仅读取“地面峰值加速度（PGA）”的平均值，还必须同时读取“不确定性网格（Uncertainty Grid）” [4]。在实测台站稀疏（台间距大于 ）的地区，不确定性标准差通常会剧烈上升 [26, 39]。如果在评估中未对高不确定性区域进行均值校正，将导致后端 AI 模型输出极高方差的建筑破坏预测，从而引发应急物资配置失衡 [1, 39]。",261,待复核
CHK_EQ_000010,EQ_DOC_004,灾后应急响应与人道需求,灾后应急响应,地震灾害数据收集与整理.docx,整理报告,"## 四、 灾后应急响应、复盘报告与人道主义需求演变

真实的震后灾后复盘（Post-Disaster Needs Assessment, PDNA）不仅是重建决策的客观基础，更是AI图谱训练大语言模型在多轮交互对话中生成逻辑自洽、证据充实之推演结果的直接依据 [1]。

分析 2023 年土耳其-叙利亚大地震中的响应过程和人道主义支援详情，可以为应急管理系统提供清晰的资源流向和行动网络映射 [31, 32]。国际人道主义救援网络如欧盟民事保护机制（UCPM）和国际搜索与救援咨询团（INSARAG）在极短时间内启动了最大规模的响应 [40, 41]。

发震 (Day 0) ──► 触发国际搜救网络 (INSARAG/UNDAC 部署) ──► 设立安卡拉/阿达纳现场协调中心 (OSOCC/UCC) │ ▼ 长期民生保障与经济重建 (WFP 粮食凭证扩张 / 本币 TRY 汇率剧烈波动风险) ◄───────── 开展现场生命搜救与跨国重伤员分类转运

表 4",436,待复核
CHK_EQ_000011,EQ_DOC_004,灾后应急响应与人道需求,灾后应急响应,地震灾害数据收集与整理.docx,整理报告,"| 人道主义评估与救援响应维度 | 土耳其-叙利亚 2023年强震响应事实 [31, 32, 40, 41, 42, 43, 44] | 日本能登半岛 2024年地震响应事实 [2, 35, 45, 46] | 尼泊尔廓尔喀 2015年地震响应事实 [16, 17, 33, 34] |
| --- | --- | --- | --- |
| 国际协调组织现场部署力度 | INSARAG 调遣超 专业搜救员及 只搜救犬；UNDAC 与欧盟协调中心分别建于阿达纳、哈塔伊和安卡拉 [41] | 主要依赖日本自卫队及本土专业救援网络，辅以少量特定国际技术专家组 [2] | 联合救灾行动由联合国OCHA等协调，第三军医大学防疫专家等大批国际医疗、救援队参与 [3, 19] |
| 跨机构、区域合作与部署协调情况 | 21个欧盟成员国和3个合作国联合部署38支搜救和医疗队；土耳其应急管理局（AFAD）统筹，中国、印尼等多国派出专业中重型搜救队 [40, 41, 44] | 本土应急协同高度成熟，但由于半岛地狭、交通中断，救援队伍面临极其严重的现场通行及多点协同困难 [2, 45] | 加德满都特里布万机场由于规模小、救灾飞机极其密集，发生严重国际援助物资滞留堵塞，交通管理出现多级低效 [3] |
| 受灾群众集中安置点民生保障与经济脆弱性指标 | WFP 为在 Gaziantep 的 Islahiye 等集中安置点的难民提供电子粮食代金券；本币 TRY 汇率由 2025 年 6 月 39.41 暴跌至 12 月的 42.66，产生严重通胀 [43] | 受灾群众长期在避难所和临时安置点安置，电力和供水网彻底切断，恢复重建进度由于断路断电极为缓慢 [2, 45] | 废墟瓦砾多依靠灾民徒手清理回收；3%人口坠入贫困线以下，损耗超过1.5亿工作日，农业损失惨重 [17, 34] |
| 针对特殊脆弱群体及特定边缘群体的救援覆盖 | 土耳其南部约 叙利亚难民受到直接波及；巴勒斯坦 PRCS 专门针对境内 Al Nairab, Handarat, Al Raml 难民营开展特定人道主义物资援助 [31, 43] | 老龄化严重的半岛社区中，空巢孤老及基础病患者比例极高；避难阶段避难人员在多发余震下产生的应激恐惧十分普遍 [2, 46] | 尽管恰逢周六学校无学生上课，但高山区孤老及事实孤儿基本生活极其堪忧，医院非结构性损伤致医疗长期瘫痪 [17] |",1033,待复核
CHK_EQ_000012,EQ_DOC_004,灾后应急响应与人道需求,灾后应急响应,地震灾害数据收集与整理.docx,整理报告,"灾后重建报告显示，人道主义需求在时间和空间上均表现出非线性的动力学演化特征：在发震后的前 72 小时（即黄金搜救阶段），对重型破拆、生命搜救、直升机野战救治的需求极高 [41, 47]；随后，需求在发震后的一至三个月逐步转移到水、电、通信生命线工程重建、公共防疫管理以及防止局部灾民心理崩溃的心理援助上 [47, 48]；至半年及更长周期后，由于受灾区汇率剧烈波动、物价暴涨以及经济严重受损，灾民生计保障、本国劳动力无序流出以及高额的债务，成为最难以治理的社会治理隐患 [17, 43]。在 AI 图谱的构建中，必须为“需求”实体添加时间维度的动态解析边，以准确捕捉这些演变规律 [1]。",294,待复核
CHK_EQ_000013,EQ_DOC_005,遥感影像与建筑震损标签,遥感震损识别,地震灾害数据收集与整理.docx,整理报告,"## 五、 遥感影像解译、建筑震损标签与多源几何特征提取

面对大面积地震灾害，现场地毯式排查在效率和安全性上均无法满足应急决策的急迫时效要求 [49]。通过联合天基高分辨率卫星与空基无人机（UAV）遥感手段进行智能解译，是目前实现大范围、快速建筑震损评估的核心路径 [50, 51]。

在遥感智能算法的研制与工程标定中，高质量的带地理空间参考信息的“建筑物 footprints 提取与震损严重程度（Damage Grade）级标签”是绝对的数据红线 [52, 53]。

表 5",242,待复核
CHK_EQ_000014,EQ_DOC_005,遥感影像与建筑震损标签,遥感震损识别,地震灾害数据收集与整理.docx,整理报告,"| 遥感与震损标签数据集名称 | 空间覆盖范围与覆盖灾区详情 | 原始影像波段与雷达传感器规格 | 建筑物 Footprint 注释数与图像像素分辨率 | 采用的建筑物震损等级（Damage Classification）与标签分布特点 |
| --- | --- | --- | --- | --- |
| xBD (xView2 Benchmark) [54, 55] | 全球多地（含19种自然灾害，覆盖地震、海啸、野火、火山等场景） [53, 54] | 3波段标准 RGB 图像，源自 Maxar/DigitalGlobe 开放数据计划 [53, 56] | 个高精度标定建筑物多边形（Footprints）；单张图尺寸 [53, 54] | 四级细粒度标定标签：无损（0）、轻度损伤（1）、重度损伤（2）、摧毁（3） [52, 56]。其中轻度/重度等中等损伤存在强烈的 intraclass 高重叠不确定性 [57] |
| Copernicus EMS (CEMS) 应急制图 [58, 59] | 欧盟成员国及全球提供援助区域；典型如 2021 年德国洪灾、意大利火山及各类地震区 [59] | 高分、超高分光学卫星波段，联合哨兵-1（Sentinel-1）双极化 SAR 影像数据 [51, 60] | 依事件实时应急生成；融合 OpenStreetMap 等众包向量底图 [51, 61] | 基于 EMS-98 宏观烈度表建筑损伤分级：无可见损伤（Grade 0）、可能损伤（不确定性）、受损（Grade 1-3）、被毁（Grade 4-5） [58, 59] |
| ALOS-2-BDE (能登地震震损底图) [62] | 2024 年能登半岛重点受灾城镇（轮岛市、珠洲市、能登町、穴水町、七尾市） [2, 62] | 日本 L 波段 PALSAR-2 合成孔径雷达影像，支持 spotlight（1x3m）及 stripmap（3m）高分辨观测 [63] | 灾前与灾后多期雷达振幅干涉；在 2024 年 1 月 1-2 日共融合估计出 栋潜在损毁建筑 [62] | 极度损毁（Full collapse）、半倒塌（Half collapse）、局部破损（Partial collapse）三级灾害严重分类，需与实地照片多维比对 [62] |",986,待复核
CHK_EQ_000015,EQ_DOC_005,遥感影像与建筑震损标签,遥感震损识别,地震灾害数据收集与整理.docx,整理报告,"从雷达成像物理机制来分析，光学卫星通常受天气、云层和光照角度的极大物理限制 [60]。SAR 卫星（如哨兵-1、ALOS-2）发射的微波具有极强的云层穿透力 [60]。在致密建筑物区，雷达波在建筑物墙面和地面之间会发生强烈的“二次反射（Double-Bounce Backscattering）” [51, 60]。当建筑物发生局部坍塌或彻底倾覆时，这种二次反射在雷达回波图上的特征会急剧减弱 [51, 60]。

因此，干涉合成孔径雷达（InSAR）的相干性损失（Coherence Loss）和反向散射系数（Backscatter Intensity Change）的特征变化检测，能够实现全天候、近实时的城市建筑物大面积损毁分级分类 [51, 60, 64]。AI 模型将这些特征与光学建筑物多边形融合，可极大地提高分类器的抗天气噪声干扰能力 [1, 51]。",383,待复核
CHK_EQ_000016,EQ_DOC_006,暴露体与生命线韧性,暴露体与生命线韧性,地震灾害数据收集与整理.docx,整理报告,"## 六、 暴露体脆弱性、生命线系统韧性与地理空间数据依赖

地震灾害的破坏力不仅取决于断层破裂释放的能量本身，更取决于地震动波形在穿越区域地层介质时与特定地层及地面建筑物结构发生共振的物理放大现象 [65, 66]。暴露体（General Building Stock, 包含各类学校、住宅、医院等）的内部结构属性，直接决定了其在特定频段强震动下的物理易损性（Vulnerability） [16, 17, 67]。

以 2015 年尼泊尔廓尔喀地震为例，在灾害中暴露出极强的“建筑-地层耦合”脆弱性规律 [16, 18]。由于加德满都盆地底部填充了极厚软、未完全固结的湖相软弱沉积层，当地震动波形传入盆地后，高频地震动在介质层发生剧烈的透射衰减，而低频长周期面波（Long-Period Ground Motions）在松散沉积层产生强烈聚焦并被高度放大 [16]。

这种长周期震动与加德满都市区内的多层不设防砖石结构、不规则多层混凝土（RC）框架结构发生严重的物理共振 [16]。这种共振导致老旧砌体结构大面积发生严重剪切开裂或彻底坍塌，而钢筋混凝土建筑由于具备一定的弹性刚度，其破坏程度被显著抑制 [16]。",510,待复核
CHK_EQ_000017,EQ_DOC_006,暴露体与生命线韧性,暴露体与生命线韧性,地震灾害数据收集与整理.docx,整理报告,"┌──────────────────────────────┐ │ 软弱松散沉积盆地效应 (Basin) │ └──────────────┬───────────────┘ │ (吸收高频地震波) ▼ ┌──────────────────────────────┐ │ 产生显著长周期面波放大效应 │ └──────────────┬───────────────┘ │ (与长周期特征共振) ▼ ┌───────────────────────────────────────────────────────────┐ │ 导致特定暴露体与生命线工程发生严重物理损坏 │ └──────┬────────────────────┬────────────────────┬──────────┘ │ │ │ ▼ ▼ ▼ [ 混凝土/砌体框架 ] [ 陡峭山体 regolith 介质 ][ 生命线工程阻断 ] - 剪切缝破坏、层间倒塌 - 触发 2.5万 处山体滑坡 - 16/23 关乎1/3能源供给的 - 8000栋不防震学校受损 - 堵塞公路、隔绝高山村落 水电站遭遇重创瘫痪 `[16, 17, 18]` `[17, 18]` `[17]`

在同一地震中，高耸生命线工程面临的地基滑移与震损传播风险也表现得十分突出 [17, 18]。由于喜马拉雅地区极陡峭的山体斜坡上覆盖着高度风化的第四纪 regolith 介质，强烈的地震动直接触发了加德满都周边及高海拔山区超过 处大规模山体滑坡和岩崩，将仅有的高等级柏油公路和桥梁阻断 [17, 18]。

最典型的生命线破坏发生在其能源枢纽——大面积水电建设群，全国 座主力水电站中高达 座（占比超过 ，几乎垄断了全国三分之一的电力和一次能源供给）由于水轮机基础滑移、压力管道断裂、厂房侧向地基变形及周边泥石流淤积而彻底陷入瘫痪，大片区域电力供给及通信网瞬间黑体化，次生衍生危害呈指数级泛化扩散 [17]。",833,待复核
CHK_EQ_000018,EQ_DOC_006,暴露体与生命线韧性,暴露体与生命线韧性,地震灾害数据收集与整理.docx,整理报告,"因此，在防灾减灾AI图谱构建中，绝不能将地理空间要素视为孤立节点，必须将“地基岩土Vs30（等效剪切波速）”、“结构基础类型”及“网状拓扑联通性”作为生命线节点的必备属性进行关联度计算 [1, 65, 68]。",105,待复核
CHK_EQ_000019,EQ_DOC_007,分布式AI地震预警,分布式AI地震预警,地震灾害数据收集与整理.docx,整理报告,"## 七、 分布式AI地震预警系统、边缘计算与众包传感器网络

传统的地震早期预警系统（EEW）虽然在减轻次生灾害方面发挥了巨大作用，但在处理超大规模传感器数据流（如来自数以万计众包手机或极高密度的窄带无线传感网络 WSN）时，仍然面临系统算力和Telemetry延迟的瓶颈 [69, 70, 71]。在极短响应时窗下，为了避免中央服务器出现灾难性的网络拥堵或单点物理瘫痪，防灾AI架构必须采取“云-边-端”协同决策模式 [71, 72]。

新型智能算法的应用极大地打破了这一局限。例如，卡耐基梅隆大学与美国国防创新局联合试验的 SENSE 系统，通过融合深度学习框架，实现了区域或国家级地震震级的端到端快速预测 [73, 74]。

同时，智能手机众包监测网络的关键技术——利用智能手机内置低成本三轴 MEMS 加速度计进行地震动高精度识别，也得到了极大的发展 [75, 76, 77]。

[ 众包移动手机端 ] (STA/LTA 连续监控 + 本地紧凑型网络过滤非震日常噪声) │ ▼ (若检测到 P-Wave 触发信号，自动向云端 CPC 推送 XML/JSON 短包) [ 云端 CPC 消息中介 / ActiveMQ ] │ ▼ (DBSCAN 空间相关性动态聚集校验，去除虚警干扰) [ 极速秒级物理参数求解与全通路预警发布 ]

这种架构可以在保证秒级高可靠响应的同时，将系统的通信带宽消耗降低数个数量级 [76, 78]。

表 6",626,待复核
CHK_EQ_000020,EQ_DOC_007,分布式AI地震预警,分布式AI地震预警,地震灾害数据收集与整理.docx,整理报告,"| 智能地震预警（EEW）模型/系统 | 模型核心深度学习架构与主要功能模块分类 | 预测性能指标 (Validation Accuracy / MAE) | 实测推流及计算Latency响应表现 | 传感器源依赖与边缘部署环境特征 |
| --- | --- | --- | --- | --- |
| QuakeWake 系统 [75] | 双阶段架构：本地端微型神经网络实时监控，云端采用深度神经网络模块进行全局烈度及波路径传播动态演化分析 [75] | 地震动识别及方向传播预测准确度高达 [75] | 本地微内核秒级即时响应；终端不消耗电池；附加的 Raspberry Pi adjunct 边缘硬件对结构安全判定精度达 [75] | 依赖于海量智能手机加速度计；云端运行在分布式云服务器群，支持本地辅助加速器硬件扩展 [75] |
| Edge-AI 紧凑型CNN模型 [72] | 极度优化的超轻量级卷机神经网络（CNN），仅含 物理模型权重参数；专攻 2 秒短时波形的高速 P-Wave 起始Picking [72] | 与 PhaseNet、EQTransformer 在高信噪比表现上相当；对微地震波定位精度保持在极高水准 [72] | 在低成本嵌入式 Raspberry Pi 等硬件上，单次波形前向计算耗时低于 [72] | 部署于低功耗 MEMS 边缘传感器（如 Raspberry Shake 社区网络边缘节点）；完美支持纯分布式计算 [72] |
| AI-Powered EEWS (印度) [79] | 端到端混合深度神经网络，包含深度一维 CNN、循环神经网络（RNN）及多层感知机（MLP）特征层 [79] | 在庞大验证数据集上达到 的综合分类精确度 [79] | 实测毫秒级超低前向推理时间，为在破坏性破坏剪切 S-Wave 到达前赢得十几秒的避险时窗 [79] | 依托于区域、国家级地震观测台站连续大震动加速度和波形波速数据流 [79] |
| E3WS 预警模型 [80] | 基于全连接、CNN、RNN与多分类随机森林（RF）融合深度预测，专攻震源深度、走向及标量级震级参数的动态收敛回归 [80] | 判别地震与 impulsive 噪声的成功率达 ，虚警率（False Positive）保持为 [80] | 平均每秒自动向服务器动态推送和迭代求解一次物理参数估计值，极大缩短决策延时 [80] | 采用极其简单的单台站 3 方向单点波形，模型高灵活性，极其易于在异国台网进行本地移植和运行 [80] |",1079,待复核
CHK_EQ_000021,EQ_DOC_007,分布式AI地震预警,分布式AI地震预警,地震灾害数据收集与整理.docx,整理报告,"尽管 AI 预警系统表现优异，但在实际运行中，传统 EEW 仍然存在物理意义上的“盲区”（Late Alert Zone / Epicentral Blind Zone） [30, 70]。因为地震发生后，震中附近的传感器需要 2 到 4 秒才能采集到完整的 P 波信息以判定震级，而传播速度较慢、破坏力极强的 S 波在此期间可能已经波及了震中周边数十公里的极震区 [30, 70]。

因此，即便算法的延迟能够控制在 7 毫秒以内 [72]，物理距离导致的信号盲区依然无法消除 [70]。未来分布式 AI 预警的突破方向，在于通过在震中边缘进行台网级本地对等互联（P2P）决策，在不经过中心服务器转发的前提下，直接拉响盲区外围的应急警报 [71, 72]。",329,待复核
CHK_EQ_000022,EQ_DOC_008,工程损失评估系统,工程损失评估,地震灾害数据收集与整理.docx,整理报告,"## 八、 工程损失评估软件、能力谱法与高级易损性分析系统

在防震减灾 AI 的工程应用中，评估地震发生后整个城市在建筑损毁方面的经济损失和资本损耗，是一项计算极其密集的任务 [81]。这要求损失评估软件必须建立在严谨的非线性结构动力学计算模型之上，而非简单的线性插值 [66]。

Hazus 作为全球最为主流的损失建模系统，其核心算法是基于能力谱法（Capacity Spectrum Method, CSM）的非线性反应谱分析 [82, 83]。系统通过 36 类建筑模型能力参数确定 Yield 与 Ultimate 两个临界屈服性能点 [66]。

而为了在大规模区域性评估中克服 CSM 迭代收敛缓慢的缺陷，学者们开发了“Cracking an Open Safe”高速求解方案 [82, 84]。

┌──────────────────────────────┐ │ 设定目标性能点极限移位 Sd │ └──────────────┬───────────────┘ │ (逆向工作流) ▼ ┌──────────────────────────────┐ │ 反向求取基底阻尼比与弹塑性需求│ └──────────────┬───────────────┘ │ (无需循环迭代逼近) ▼ ┌──────────────────────────────┐ │ 快速输出大范围建筑组合 Expected│ │ 经济损失均值 E[L] 与方差 COV │ └──────────────────────────────┘

这种逆向解析策略在处理百万级建筑组合时表现出极强的工程适应性 [82]。

表 7",711,待复核
CHK_EQ_000023,EQ_DOC_008,工程损失评估系统,工程损失评估,地震灾害数据收集与整理.docx,整理报告,"| 损失评估计算引擎/模型 | 核心损失计算方法与内部分类架构模块组成 | 核心工程计算指标与评估物理维度指标 | 系统输入数据源格式、依赖条件与集成方式 |
| --- | --- | --- | --- |
| Hazus Earthquake Model (FEMA) [67, 85] | 能力谱法（CSM）；主要功能模块包含：一般建筑 stock（GBS）、核心生命线工程体系、应急救灾基础设施、次生产生泥石流滑坡等次生灾害模型 [66, 67] | 年均化地震预期直接损失（AEL），年均化预期损失率（AELR），计算涵盖建筑重置价值和直接间接经济中断成本 [81, 86] | 自有统一的 Inventory Technical Manual 规范格式，内嵌于专用 GIS 系统 [67, 85] |
| OpenQuake-engine (GEM) [87, 88] | 基于 Python 的解耦运行；拥有自主核心库：oq-hazardlib（用于快速进行随机事件集、地震动场分析和计算），oq-risklib（处理暴露体和易损性矩阵），oq-nrmllib（XML格式底层校验解析） [88] | 支持经典概率性断冲构造 PSHA 求解、特定场景 Deterministic 破坏评估以及社会经济脆弱性复合风险分析 [87, 89, 90] | 完全标准化数据交换接口，基于专用的 Natural hazard Risk Markup Language (NRML) XML 格式 [87, 88] |
| ""Cracking an Open Safe"" 改进算法模型 [82] | 采用独特的非经典反应谱直接代数计算公式，取代传统的迭代能力点交叉法，消除数值循环逼近过程中的求解死循环 [82] | 直接求解平均损失率（MDF，即 repair cost 与 replacement cost 的比值）及反映损失不确定性的变异系数（COV） [82] | 仅需调用标准 Hazus 物理能力曲线参数作为背景参数库，输入外部结构不相关的地震动强度 数据点即可直接快速输出 MDF 矩阵 [82] |",909,待复核
CHK_EQ_000024,EQ_DOC_008,工程损失评估系统,工程损失评估,地震灾害数据收集与整理.docx,整理报告,"这些先进的计算工具表明，现代地震风险评估已呈现出显著的高精度（Site-specific）发展趋势 [25, 67]。过去，Hazus 常常使用区域性的普查区数据（Census Tract）来近似模拟平均建筑属性 [26, 67]。但现代 AI 防灾系统可以基于超高清街景、LiDAR 激光雷达扫描及建筑物三维模型，为每一栋建筑生成独立的物理刚度及易损性节点 [50]。

通过在 OpenQuake 或 Hazus AEBM（高级工程建筑模块）中为每个结构分配其真实的动力学属性，可以实现真正物理意义上的“数字孪生城市地震风险高保真演化模拟” [66, 67]。",282,待复核
CHK_EQ_000025,EQ_DOC_009,应急治理政策标准,应急治理政策标准,地震灾害数据收集与整理.docx,整理报告,"## 九、 应急治理模型、国际标准与国家预案的数字化映射

当强震发生、防灾减灾 AI 算法给出快速灾情评估结果后，如何将这些定量化的技术指标快速、安全、合法地转译为政府应急部门的行政管理指令，需要对应急治理模型、国家预案以及国际应急标准进行数字化映射 [91, 92, 93]。

联合国倡导的《仙台减灾框架》（Sendai Framework）构成了这一层面的全球最高行动共识 [94]。而 ISO 22320:2018 则是具体执行这些共识的国际管理流程标准 [91]。

[ 联合国 仙台减灾框架 (2015-2030) ] │ ▼ (宏观指导与减灾评价指标体系) │ ▼ (具体国家层面本土化执行落地) [ 国家地震应急预案 (2026年修订现代化预案) ] │ +---------------------+---------------------+ | | ▼ ▼ [ 甘肃省地震灾害应急响应 ] [ 新疆克州/宣城市等市县预案 ] - 设置一、二、三、四级梯度响应 - 创新制定“震级+距离”双维度初判启动 - 设立跨部门4大核心应急专业组 - 对不达响应标准显著地震延伸触角 - 24小时现场扁平化通信扁平化指挥 - 自下而上建立灾情日报告、零报告制度 `[47, 48, 93]` `[93, 95, 96]`

这些治理模型与标准的关键特征在表 9 中进行了整理：

表 8",599,待复核
CHK_EQ_000026,EQ_DOC_009,应急治理政策标准,应急治理政策标准,地震灾害数据收集与整理.docx,整理报告,"| 国家与国际级应急治理框架/标准 | 组织架构、指挥体系特点与核心执行机制 | 核心行动目标与设定的减灾指标体系 | 突发特大灾情下的强制响应策略、资金调拨与民生托底规范 |
| --- | --- | --- | --- |
| Sendai Framework (2015-2030) [94] | 强调 State 承担减灾的首要职责，倡导地方政府、民营部门与多利益相关方协同共治 [94] | 指导全球成员国预防新风险、消减旧隐患，设置 7 个全球减灾指标并辅以 38 个评价指标 [94] | 基于 “DesInventar Sendai” 灾损数据收集系统建设完全标准合规的国家级灾害损失大数据库 [94] |
| ISO 22320:2018 标准 [91] | 基于“全灾害管理”理念，规范跨区域、跨层级间无缝协作的 Command and Control（指挥与控制）机制 [91, 97] | 重视跨系统的 Interoperability（互操作性），统一沟通术语与信息流动链条，防止多头指挥瘫痪 [91, 97] | 指引突发破坏性事件全链条生命救援。强调应急人员人身安全保护和安全防护自卫机制 [91, 97] |
| 中国应急现代化建设规划 (2026-2030) [92] | 依托集约化、统一高效的中国特色应急指挥机制，全面推进新时代防震减灾治理现代化建设 [92, 96] | 全面推动治理模式由事后救援向事前面向预防主动管控防范转变，全力遏制重大、特大事故 [92] | 在2035年最终建成能够与基本实现社会主义现代化大国相匹配的现代化防震减灾综合管理体系 [92] |
| 国家地震应急预案 (2026修订) [98] | 强调分级负责、属地为主、层级响应，建立扁平化、无缝衔接的军地协同救援力量网络 [93, 95] | 国务院抗震救灾指挥部统一组织对特大灾情的联合现场抢险搜救与受灾现场高精度治安、地质次生灾害监控 [99] | 明确对达到国家级应急响应的受灾区域，中央财政遵循及时快速原则提前拨付专项救灾托底资金 [98] |
| 甘肃省地震应急预案 [48] | 省委、省政府统一领导下的一、二、三、四级梯度响应格局；设综合协调、抢险救援、医疗防疫、通信保障等常设专业组 [48] | 灾区所在地市县级抗震指挥体系若无力支持，即刻逐级提请跨区域调拨省内物资装备和战地医疗增援 [47, 48] | 将应急响应触角前伸：对不达标准但引起高度舆论感知的显著微震，乡镇一级的响应机制同样受强制触发 [93] |",1077,待复核
CHK_EQ_000027,EQ_DOC_009,应急治理政策标准,应急治理政策标准,地震灾害数据收集与整理.docx,整理报告,"中国 2026-2030 年应急管理体系现代化的一个核心创新，在于防灾决策流程的数字化转型，特别是量化启动标准的引入 [93, 96]。在宣城及新疆克州等地方预案的修订中，创新建立了“初判指标（震级 + 发震距离）+ 人员伤亡”的双维度决策模型 [93]。当台网智能系统监测到震级及人口热力格网的组合超过临界安全阈值时，即便前线灾害数据和灾情通报尚未逐级传递上来，上级应急系统也能基于 AI 快速预估模型果断提级启动最高级别应急响应，从而在震后生命救援的最关键时窗争取到数小时的部署先机 [48, 93]。",253,待复核
CHK_EQ_000028,EQ_DOC_010,本体与复核机制,本体与复核机制,地震灾害数据收集与整理.docx,整理报告,"## 十、 基于GraphRAG的知识图谱领域本体与评测复核系统设计

在实现地震灾害 AI 关键技术图谱时，必须从顶层构建高表现力的知识图谱本体（Ontology） [1]。

参照项目资料收集目录总表 [1] 的技术演进逻辑，图谱应统一定义 10 类核心概念节点（Nodes）和 6 类主要关联边（Edges） [1]。

─── SOLVES ───► ─── SOLVED_IN ───► │ ▲ │ (USES_MODEL) │ (SOLVES) ▼ │ [ Model ] ─────────────────────+ ─── VALIDATED_IN ───► [ Case ] │ │ (DEPENDS_ON) ▼ ◄── REQUIRED_BY ─── [ Policy ] ▲ │ (LIMITED_BY) ▼ [ Limitation ]

表 9",385,待复核
CHK_EQ_000029,EQ_DOC_010,本体与复核机制,本体与复核机制,地震灾害数据收集与整理.docx,整理报告,"| 实体/关系英文标识 | 实体/关系中文标识 | 图谱本体语义定义与物理节点对应属性规范 | 边关系约束与推理规则 (Source -> Target Constraint) |
| --- | --- | --- | --- |
| AITech | AI关键技术 | 泛指防灾减灾中的核心前沿AI技术大类（如 基于图神经网络的结构易损性分析技术） [1] | 不直接关联具体代码库，作为高级分类中介 [1] |
| Model | 计算模型 | 具体的计算、感知、解译或预测算法（如 PhaseNet, EQTransformer, LEGG） [50, 72, 74] | Model -> USES_MODEL -> Model（支持子模型依赖） [1] |
| Dataset | 支撑数据集 | 用于模型训练、测试或校验的底层结构化/非结构化数据集（如 xBD, NGA-West2） [25, 54] | 必须具备明确的许可证属性和版本控制记录 [1] |
| Task | 防灾减灾任务 | AI算法所针对并期望解决的物理工程任务（如 震后倒塌建筑物智能快速识别） [1] | Model -> SOLVES -> Task [1] |
| Scenario | 应用场景 | 任务执行所对应的时空及边界场景限制（如 云层遮挡下的夜间震损高难度遥感反演） [1] | 关联具体的行业标准和合规安全边界 [1] |
| Case | 典型历史案例 | 真实发生的地震灾害事件（如 2024年能登半岛地震, 2023年土耳其强震） [2, 9] | Model/System -> VALIDATED_IN -> Case [1] |
| Policy | 应急政策标准 | 发挥法律、行政或技术规约约束力、强制力要求的政策规章或技术规范标准（如 ISO 22320） [91] | Dataset/Model -> REQUIRED_BY -> Policy [1] |
| Limitation | 技术局限性 | 技术在运行、推理及跨区应用时的局限、瓶颈与高风险虚警点（如 小震级虚警高噪声敏感） [100] | Model/AITech -> LIMITED_BY -> Limitation [1] |
| DisasterType | 灾害关联大类 | 地震引起或伴随发生的物理次生/衍生灾害大类（如 斜坡液化, 海啸, 火灾, 崩塌） [2, 35] | 用于灾害物理演进动力链条关联 [1] |
| USES_MODEL | 使用模型关系 | 表示 AI 技术在实际落地方案中采用了何种特定模型的算法内核 [1] | AITech -> USES_MODEL -> Model [1] |
| DEPENDS_ON | 依赖关系 | 表征特定计算算法、模型对于底层训练、标定数据集或特定传感器数据的强物理依赖 [1] | Model -> DEPENDS_ON -> Dataset [1] |
| SOLVES | 求解任务关系 | 建立具体技术或算法与抗震救灾中所需完成的工程性任务之间的语义指向关联 [1] | Model -> SOLVES -> Task [1] |
| VALIDATED_IN | 案例验证关系 | 确定特定防灾 AI 工程系统在某一真实地震灾害事件中经受了实战测试和检验 [1] | System -> VALIDATED_IN -> Case [1] |
| LIMITED_BY | 局限约束关系 | 指向并暴露该 AI 算法目前的物理盲区、泛化能力天花板、数据偏差影响或高耗能瓶颈 [1] | Model -> LIMITED_BY -> Limitation [1] |
| REQUIRED_BY | 政策合规要求 | 关联模型或数据集开发在输出结果、地理精度以及隐私伦理上受何种法规标准约束 [1] | Dataset/Model -> REQUIRED_BY -> Policy [1] |",1683,待复核
CHK_EQ_000030,EQ_DOC_010,本体与复核机制,本体与复核机制,地震灾害数据收集与整理.docx,整理报告,"为了确保基于该图谱的 GraphRAG 证据问答检索结果的无幻觉性，必须在图谱数据层单独构建对应的“GraphRAG 问答评测集”与“专家复核质量控制模板” [1]。通过在知识图谱底层加入双向核验证据链条属性（如 evidence_text 字段），并在抽取、融合的生命周期中引入专家人工确认状态（review_status），能够使 AI 检索器在生成答案的同时，通过在回答文本中嵌入其对应来源节点和边的引用标签（如 ``），从而使防灾AI系统最终具备可解释和可提交的成果可信度 [1]。

表 10",251,待复核
CHK_EQ_000031,EQ_DOC_010,本体与复核机制,本体与复核机制,地震灾害数据收集与整理.docx,整理报告,"| 字段名称 | 评测与复核项数据格式 | GraphRAG 检索评价机制说明 | 专家核验与质控制度约束 |
| --- | --- | --- | --- |
| 测试问题 (QA Question) | 全局宏观问题与微观细粒度物理问题的双重混合（例如 对于2023年土耳其地震，其同震地表形变最大位移是多少？） [1, 15] | 检测 GraphRAG 是否能在海量图谱拓扑路径中成功进行多跳（Multi-Hop）关联抽取，不发生漏检索 [1] | 问答必须有唯一指向的实体子图，严禁 AI 自行泛化推理不相干内容 [1] |
| 标准参考答案 (Standard Answer) | 包含了具体的物理参数、历史统计数据、引用 DOI 的极结构化陈述文本 [1] | 采用 RAGAS 等自动化评测框架与人工专家盲测相结合的形式进行多维度评分 [1] | 精准度、忠实度、完整度三项指标均须超过 的硬性系统分值 [1] |
| 证据文本块 (Evidence Text) | 从原始核验资料（如 us6000m0xl Supplemental Information）中切片抽出的原生原文字段 [1, 4] | 将该文本块对应的 chunk_id 与图谱中的特定关联边（Edge）的 evidence_id 属性进行强一致性物理绑定 [1] | 若原始核验文本发生内容更迭，对应的图谱关系必须进行级联同步删除或自动重构 [1] |
| 专家复核日志 (Expert Review Log) | 包含：复核主键（review_item_id）、复核结论（保留/修改/删除/待确认）、复核专家唯一签名属性等 [1] | 对关系边和实体属性的置信度低于 0.70 的低置信度清单，强制要求执行专家一票否决权制度 [1] | 每一个领域本体实体及其关联关系，必须有至少两位防灾、地震地学和IT领域的高级职称学者双盲核验记录 [1] |",818,待复核
