edge_id,from,to,road_name,traffic_road_name,traffic_status,traffic_status_label,traffic_speed_kmh,original_congestion,mapped_congestion,traffic_captured_at
OSM00572,O6372426552,O1493185884,天府大道北段,天府大道北段,3,blocked,10,0.1,0.9,2026-06-23T17:30:02
OSM00573,O1493185884,O436388572,天府大道北段,天府大道北段,3,blocked,10,0.1,0.9,2026-06-23T17:30:02
OSM00574,O436388590,O436388608,天府大道北段,天府大道北段,3,blocked,10,0.1,0.9,2026-06-23T17:30:02
OSM01622,O276557064,O3043176932,天府大道北段,天府大道北段,3,blocked,10,0.1,0.9,2026-06-23T17:30:02
OSM10826,O2133210387,O4547050411,天府大道北段,天府大道北段,3,blocked,10,0.1,0.9,2026-06-23T17:30:02
OSM10827,O4547050411,O8916684388,天府大道北段,天府大道北段,3,blocked,10,0.1,0.9,2026-06-23T17:30:02
OSM10828,O8916684388,O2200900252,天府大道北段,天府大道北段,3,blocked,10,0.1,0.9,2026-06-23T17:30:02
OSM10829,O2200900252,O7618650258,天府大道北段,天府大道北段,3,blocked,10,0.1,0.9,2026-06-23T17:30:02
OSM10830,O7618650258,O11693698932,天府大道北段,天府大道北段,3,blocked,10,0.1,0.9,2026-06-23T17:30:02
OSM10831,O11693698932,O3651253755,天府大道北段,天府大道北段,3,blocked,10,0.1,0.9,2026-06-23T17:30:02
OSM10832,O3651253755,O1493126005,天府大道北段,天府大道北段,3,blocked,10,0.1,0.9,2026-06-23T17:30:02
OSM10833,O1493126005,O11792372333,天府大道北段,天府大道北段,3,blocked,10,0.1,0.9,2026-06-23T17:30:02
OSM10834,O11792372333,O4699185605,天府大道北段,天府大道北段,3,blocked,10,0.1,0.9,2026-06-23T17:30:02
OSM10835,O4699185605,O4699185595,天府大道北段,天府大道北段,3,blocked,10,0.1,0.9,2026-06-23T17:30:02
OSM10836,O4699185595,O436388590,天府大道北段,天府大道北段,3,blocked,10,0.1,0.9,2026-06-23T17:30:02
OSM10837,O436388565,O11693698937,天府大道北段,天府大道北段,3,blocked,10,0.1,0.9,2026-06-23T17:30:02
OSM10838,O11693698937,O4699185606,天府大道北段,天府大道北段,3,blocked,10,0.1,0.9,2026-06-23T17:30:02
OSM10839,O4699185606,O4699185604,天府大道北段,天府大道北段,3,blocked,10,0.1,0.9,2026-06-23T17:30:02
OSM10840,O4699185604,O276556900,天府大道北段,天府大道北段,3,blocked,10,0.1,0.9,2026-06-23T17:30:02
OSM10841,O276556900,O3651253754,天府大道北段,天府大道北段,3,blocked,10,0.1,0.9,2026-06-23T17:30:02
OSM10842,O3651253754,O3028924069,天府大道北段,天府大道北段,3,blocked,10,0.1,0.9,2026-06-23T17:30:02
OSM10843,O3028924069,O11693698933,天府大道北段,天府大道北段,3,blocked,10,0.1,0.9,2026-06-23T17:30:02
OSM10844,O11693698933,O3028923924,天府大道北段,天府大道北段,3,blocked,10,0.1,0.9,2026-06-23T17:30:02
OSM10845,O3028923924,O7618650259,天府大道北段,天府大道北段,3,blocked,10,0.1,0.9,2026-06-23T17:30:02
OSM10846,O7618650259,O2200900253,天府大道北段,天府大道北段,3,blocked,10,0.1,0.9,2026-06-23T17:30:02
OSM10847,O2200900253,O276556906,天府大道北段,天府大道北段,3,blocked,10,0.1,0.9,2026-06-23T17:30:02
OSM10848,O276556906,O12314371219,天府大道北段,天府大道北段,3,blocked,10,0.1,0.9,2026-06-23T17:30:02
OSM10849,O12314371219,O276556909,天府大道北段,天府大道北段,3,blocked,10,0.1,0.9,2026-06-23T17:30:02
OSM10873,O436388613,O5619295504,天府大道北段,天府大道北段,3,blocked,10,0.1,0.9,2026-06-23T17:30:02
OSM10874,O5619295504,O13159638329,天府大道北段,天府大道北段,3,blocked,10,0.1,0.9,2026-06-23T17:30:02
OSM10875,O13159638329,O6372426553,天府大道北段,天府大道北段,3,blocked,10,0.1,0.9,2026-06-23T17:30:02
OSM10892,O3085278691,O3043176895,天府大道中段,天府大道中段,2,congested,20,0.1,0.6,2026-06-23T17:30:02
OSM10893,O3043176895,O11693698886,天府大道中段,天府大道中段,2,congested,20,0.1,0.6,2026-06-23T17:30:02
OSM10894,O11693698886,O276556919,天府大道中段,天府大道中段,2,congested,20,0.1,0.6,2026-06-23T17:30:02
OSM11499,O1902047494,O1902047145,天府大道,天府大道北段,3,blocked,10,0.1,0.9,2026-06-23T17:30:02
OSM11500,O1902047145,O3260623095,天府大道,天府大道北段,3,blocked,10,0.1,0.9,2026-06-23T17:30:02
OSM11501,O3260623095,O8629250024,天府大道,天府大道北段,3,blocked,10,0.1,0.9,2026-06-23T17:30:02
OSM11502,O8629250024,O8629250026,天府大道,天府大道北段,3,blocked,10,0.1,0.9,2026-06-23T17:30:02
OSM11503,O8629250026,O8629271293,天府大道,天府大道北段,3,blocked,10,0.1,0.9,2026-06-23T17:30:02
OSM11504,O8629271293,O1575359451,天府大道,天府大道北段,3,blocked,10,0.1,0.9,2026-06-23T17:30:02
OSM11528,O1575359451,O1575357281,天府大道,天府大道北段,3,blocked,10,0.1,0.9,2026-06-23T17:30:02
OSM11529,O1575357281,O3597815225,天府大道,天府大道北段,3,blocked,10,0.1,0.9,2026-06-23T17:30:02
OSM11530,O3597815225,O1574441642,天府大道,天府大道北段,3,blocked,10,0.1,0.9,2026-06-23T17:30:02
OSM11531,O1574441642,O1574441633,天府大道,天府大道北段,3,blocked,10,0.1,0.9,2026-06-23T17:30:02
OSM11532,O1574441633,O7215109370,天府大道,天府大道北段,3,blocked,10,0.1,0.9,2026-06-23T17:30:02
OSM11533,O7215109370,O8829971079,天府大道,天府大道北段,3,blocked,10,0.1,0.9,2026-06-23T17:30:02
OSM11534,O8829971079,O1575382925,天府大道,天府大道北段,3,blocked,10,0.1,0.9,2026-06-23T17:30:02
OSM11535,O1575382925,O3260623093,天府大道,天府大道北段,3,blocked,10,0.1,0.9,2026-06-23T17:30:02
OSM11536,O3260623093,O8829971075,天府大道,天府大道北段,3,blocked,10,0.1,0.9,2026-06-23T17:30:02
OSM11537,O8829971075,O6015663027,天府大道,天府大道北段,3,blocked,10,0.1,0.9,2026-06-23T17:30:02
OSM11538,O6015663027,O1574441625,天府大道,天府大道北段,3,blocked,10,0.1,0.9,2026-06-23T17:30:02
OSM11539,O1574441625,O3260623094,天府大道,天府大道北段,3,blocked,10,0.1,0.9,2026-06-23T17:30:02
OSM11540,O3260623094,O3260623096,天府大道,天府大道北段,3,blocked,10,0.1,0.9,2026-06-23T17:30:02
OSM11541,O3260623096,O7215109460,天府大道,天府大道北段,3,blocked,10,0.1,0.9,2026-06-23T17:30:02
OSM11542,O7215109460,O11640112084,天府大道,天府大道北段,3,blocked,10,0.1,0.9,2026-06-23T17:30:02
OSM11543,O11640112084,O3229086660,天府大道,天府大道北段,3,blocked,10,0.1,0.9,2026-06-23T17:30:02
OSM11544,O3229086660,O3260623098,天府大道,天府大道北段,3,blocked,10,0.1,0.9,2026-06-23T17:30:02
OSM11545,O3260623098,O11640103731,天府大道,天府大道北段,3,blocked,10,0.1,0.9,2026-06-23T17:30:02
OSM11546,O11640103731,O7215109501,天府大道,天府大道北段,3,blocked,10,0.1,0.9,2026-06-23T17:30:02
OSM11547,O7215109501,O3260623100,天府大道,天府大道北段,3,blocked,10,0.1,0.9,2026-06-23T17:30:02
OSM11548,O3260623100,O11964585739,天府大道,天府大道北段,3,blocked,10,0.1,0.9,2026-06-23T17:30:02
OSM11549,O11964585739,O3260623103,天府大道,天府大道北段,3,blocked,10,0.1,0.9,2026-06-23T17:30:02
OSM11550,O3260623103,O9757422572,天府大道,天府大道北段,3,blocked,10,0.1,0.9,2026-06-23T17:30:02
OSM11551,O9757422572,O9757422570,天府大道,天府大道北段,3,blocked,10,0.1,0.9,2026-06-23T17:30:02
OSM11552,O9757422570,O9757422573,天府大道,天府大道北段,3,blocked,10,0.1,0.9,2026-06-23T17:30:02
OSM11553,O9757422573,O9757422571,天府大道,天府大道北段,3,blocked,10,0.1,0.9,2026-06-23T17:30:02
OSM11554,O9757422571,O11185723628,天府大道,天府大道北段,3,blocked,10,0.1,0.9,2026-06-23T17:30:02
OSM11555,O11185723628,O11185723629,天府大道,天府大道北段,3,blocked,10,0.1,0.9,2026-06-23T17:30:02
OSM11556,O11185723629,O11185723630,天府大道,天府大道北段,3,blocked,10,0.1,0.9,2026-06-23T17:30:02
OSM11557,O11185723630,O11185723631,天府大道,天府大道北段,3,blocked,10,0.1,0.9,2026-06-23T17:30:02
OSM11558,O11185723631,O11185723632,天府大道,天府大道北段,3,blocked,10,0.1,0.9,2026-06-23T17:30:02
OSM11559,O11185723632,O11185723633,天府大道,天府大道北段,3,blocked,10,0.1,0.9,2026-06-23T17:30:02
OSM11560,O11185723633,O11185723634,天府大道,天府大道北段,3,blocked,10,0.1,0.9,2026-06-23T17:30:02
OSM11561,O11185723634,O11185723635,天府大道,天府大道北段,3,blocked,10,0.1,0.9,2026-06-23T17:30:02
OSM11562,O11185723635,O11185723636,天府大道,天府大道北段,3,blocked,10,0.1,0.9,2026-06-23T17:30:02
OSM11563,O11185723636,O11640204856,天府大道,天府大道北段,3,blocked,10,0.1,0.9,2026-06-23T17:30:02
OSM11564,O11640204856,O11640204851,天府大道,天府大道北段,3,blocked,10,0.1,0.9,2026-06-23T17:30:02
OSM11565,O11640204851,O11185723648,天府大道,天府大道北段,3,blocked,10,0.1,0.9,2026-06-23T17:30:02
OSM11566,O11185723648,O11185723649,天府大道,天府大道北段,3,blocked,10,0.1,0.9,2026-06-23T17:30:02
OSM11567,O11185723649,O11185723650,天府大道,天府大道北段,3,blocked,10,0.1,0.9,2026-06-23T17:30:02
OSM11568,O11185723650,O11185723651,天府大道,天府大道北段,3,blocked,10,0.1,0.9,2026-06-23T17:30:02
OSM11569,O11185723651,O11185723652,天府大道,天府大道北段,3,blocked,10,0.1,0.9,2026-06-23T17:30:02
OSM11570,O11185723652,O11185723653,天府大道,天府大道北段,3,blocked,10,0.1,0.9,2026-06-23T17:30:02
OSM18391,O1900833886,O1900833887,天府大道中段,天府大道中段,2,congested,20,0.1,0.6,2026-06-23T17:30:02
OSM18394,O276556919,O1900833884,天府大道中段,天府大道中段,2,congested,20,0.1,0.6,2026-06-23T17:30:02
OSM18395,O2134841450,O2134841433,天府大道中段,天府大道中段,2,congested,20,0.1,0.6,2026-06-23T17:30:02
OSM18396,O2134841433,O9381554782,天府大道中段,天府大道中段,2,congested,20,0.1,0.6,2026-06-23T17:30:02
OSM18397,O9381554782,O2081701026,天府大道中段,天府大道中段,2,congested,20,0.1,0.6,2026-06-23T17:30:02
OSM18398,O2081701026,O2131879779,天府大道中段,天府大道中段,2,congested,20,0.1,0.6,2026-06-23T17:30:02
OSM18399,O2131879779,O9381554786,天府大道中段,天府大道中段,2,congested,20,0.1,0.6,2026-06-23T17:30:02
OSM18400,O9381554786,O3015515715,天府大道中段,天府大道中段,2,congested,20,0.1,0.6,2026-06-23T17:30:02
OSM18401,O3015515715,O3015515708,天府大道中段,天府大道中段,2,congested,20,0.1,0.6,2026-06-23T17:30:02
OSM18402,O3015515708,O8226414151,天府大道中段,天府大道中段,2,congested,20,0.1,0.6,2026-06-23T17:30:02
OSM18403,O8226414151,O2133189767,天府大道中段,天府大道中段,2,congested,20,0.1,0.6,2026-06-23T17:30:02
OSM18404,O2133189767,O1900833875,天府大道中段,天府大道中段,2,congested,20,0.1,0.6,2026-06-23T17:30:02
OSM18405,O1900833887,O11693698889,天府大道中段,天府大道中段,2,congested,20,0.1,0.6,2026-06-23T17:30:02
OSM18406,O11693698889,O276557064,天府大道中段,天府大道中段,2,congested,20,0.1,0.6,2026-06-23T17:30:02
OSM18407,O1900833876,O3015488918,天府大道中段,天府大道中段,2,congested,20,0.1,0.6,2026-06-23T17:30:02
OSM18408,O3015488918,O8226414152,天府大道中段,天府大道中段,2,congested,20,0.1,0.6,2026-06-23T17:30:02
OSM18409,O8226414152,O9381554787,天府大道中段,天府大道中段,2,congested,20,0.1,0.6,2026-06-23T17:30:02
OSM18410,O9381554787,O3015515709,天府大道中段,天府大道中段,2,congested,20,0.1,0.6,2026-06-23T17:30:02
OSM18411,O3015515709,O2081698932,天府大道中段,天府大道中段,2,congested,20,0.1,0.6,2026-06-23T17:30:02
OSM18412,O2081698932,O9381554783,天府大道中段,天府大道中段,2,congested,20,0.1,0.6,2026-06-23T17:30:02
OSM18413,O9381554783,O3085339135,天府大道中段,天府大道中段,2,congested,20,0.1,0.6,2026-06-23T17:30:02
OSM18414,O3085339135,O2133200354,天府大道中段,天府大道中段,2,congested,20,0.1,0.6,2026-06-23T17:30:02
OSM18415,O2133200354,O9381554781,天府大道中段,天府大道中段,2,congested,20,0.1,0.6,2026-06-23T17:30:02
OSM18416,O9381554781,O2134841434,天府大道中段,天府大道中段,2,congested,20,0.1,0.6,2026-06-23T17:30:02
OSM18417,O2134841434,O2134841439,天府大道中段,天府大道中段,2,congested,20,0.1,0.6,2026-06-23T17:30:02
OSM46899,O1159165355,O1493146455,名都路,名都路,1,expedite,30,0.06,0.06,2026-06-23T17:30:02
OSM46900,O1493146455,O4770542036,名都路,名都路,1,expedite,30,0.06,0.06,2026-06-23T17:30:02
OSM46901,O4770542036,O8406739831,名都路,名都路,1,expedite,30,0.06,0.06,2026-06-23T17:30:02
OSM46902,O8406739831,O3015956951,名都路,名都路,1,expedite,30,0.06,0.06,2026-06-23T17:30:02
OSM46903,O3015956951,O4770542026,名都路,名都路,1,expedite,30,0.06,0.06,2026-06-23T17:30:02
OSM46904,O4770542026,O1159166024,名都路,名都路,1,expedite,30,0.06,0.06,2026-06-23T17:30:02
OSM47019,O3025478572,O3028924128,益州大道,益州大道中段,3,blocked,10,0.1,0.9,2026-06-23T17:30:02
OSM47020,O3028924128,O3028924122,益州大道,益州大道中段,3,blocked,10,0.1,0.9,2026-06-23T17:30:02
OSM47021,O3028924122,O4742462512,益州大道,益州大道中段,3,blocked,10,0.1,0.9,2026-06-23T17:30:02
OSM47022,O4742462512,O4799743934,益州大道,益州大道中段,3,blocked,10,0.1,0.9,2026-06-23T17:30:02
OSM47023,O4799743934,O3025478563,益州大道,益州大道中段,3,blocked,10,0.1,0.9,2026-06-23T17:30:02
OSM47024,O3025478563,O10077582052,益州大道,益州大道中段,3,blocked,10,0.1,0.9,2026-06-23T17:30:02
OSM47025,O10077582052,O3025478561,益州大道,益州大道中段,3,blocked,10,0.1,0.9,2026-06-23T17:30:02
OSM47026,O3025478561,O3025478559,益州大道,益州大道中段,3,blocked,10,0.1,0.9,2026-06-23T17:30:02
OSM47027,O3025478559,O3025478558,益州大道,益州大道中段,3,blocked,10,0.1,0.9,2026-06-23T17:30:02
OSM47028,O3025478558,O3025478557,益州大道,益州大道中段,3,blocked,10,0.1,0.9,2026-06-23T17:30:02
OSM47029,O3025478557,O4546939755,益州大道,益州大道中段,3,blocked,10,0.1,0.9,2026-06-23T17:30:02
OSM47030,O4546939755,O3025478556,益州大道,益州大道中段,3,blocked,10,0.1,0.9,2026-06-23T17:30:02
OSM47031,O3025478556,O3025478555,益州大道,益州大道中段,3,blocked,10,0.1,0.9,2026-06-23T17:30:02
OSM47032,O3025478555,O3025478553,益州大道,益州大道中段,3,blocked,10,0.1,0.9,2026-06-23T17:30:02
OSM47033,O3025478553,O3025478551,益州大道,益州大道中段,3,blocked,10,0.1,0.9,2026-06-23T17:30:02
OSM47034,O3025478551,O3025478549,益州大道,益州大道中段,3,blocked,10,0.1,0.9,2026-06-23T17:30:02
OSM47035,O3025478549,O3025478548,益州大道,益州大道中段,3,blocked,10,0.1,0.9,2026-06-23T17:30:02
OSM47036,O3025478548,O4547050687,益州大道,益州大道中段,3,blocked,10,0.1,0.9,2026-06-23T17:30:02
OSM47037,O4547050687,O8682285054,益州大道,益州大道中段,3,blocked,10,0.1,0.9,2026-06-23T17:30:02
OSM47038,O8682285054,O10049371665,益州大道,益州大道中段,3,blocked,10,0.1,0.9,2026-06-23T17:30:02
OSM47039,O10049371665,O3098541449,益州大道,益州大道中段,3,blocked,10,0.1,0.9,2026-06-23T17:30:02
OSM47040,O3098541449,O3025478541,益州大道,益州大道中段,3,blocked,10,0.1,0.9,2026-06-23T17:30:02
OSM47041,O3025478541,O11763070406,益州大道,益州大道中段,3,blocked,10,0.1,0.9,2026-06-23T17:30:02
OSM47042,O11763070406,O11813630651,益州大道,益州大道中段,3,blocked,10,0.1,0.9,2026-06-23T17:30:02
OSM47043,O11813630651,O3025478540,益州大道,益州大道中段,3,blocked,10,0.1,0.9,2026-06-23T17:30:02
OSM47044,O3025478540,O3025478538,益州大道,益州大道中段,3,blocked,10,0.1,0.9,2026-06-23T17:30:02
OSM47045,O3025478538,O3025478535,益州大道,益州大道中段,3,blocked,10,0.1,0.9,2026-06-23T17:30:02
OSM47046,O3025478535,O3025478534,益州大道,益州大道中段,3,blocked,10,0.1,0.9,2026-06-23T17:30:02
OSM47047,O3025478534,O3025476932,益州大道,益州大道中段,3,blocked,10,0.1,0.9,2026-06-23T17:30:02
OSM47048,O3025476932,O3025476929,益州大道,益州大道中段,3,blocked,10,0.1,0.9,2026-06-23T17:30:02
OSM47049,O3025476929,O4012364985,益州大道,益州大道中段,3,blocked,10,0.1,0.9,2026-06-23T17:30:02
OSM47050,O4012364985,O4767445064,益州大道,益州大道中段,3,blocked,10,0.1,0.9,2026-06-23T17:30:02
OSM47051,O4767445064,O6248988192,益州大道,益州大道中段,3,blocked,10,0.1,0.9,2026-06-23T17:30:02
OSM47052,O6248988192,O3025476926,益州大道,益州大道中段,3,blocked,10,0.1,0.9,2026-06-23T17:30:02
OSM47053,O3025476926,O3025476921,益州大道,益州大道中段,3,blocked,10,0.1,0.9,2026-06-23T17:30:02
OSM47054,O3025476921,O3025476915,益州大道,益州大道中段,3,blocked,10,0.1,0.9,2026-06-23T17:30:02
OSM47055,O3025476915,O3025476913,益州大道,益州大道中段,3,blocked,10,0.1,0.9,2026-06-23T17:30:02
OSM47056,O3025476913,O3025476911,益州大道,益州大道中段,3,blocked,10,0.1,0.9,2026-06-23T17:30:02
OSM47057,O3025476911,O3025476907,益州大道,益州大道中段,3,blocked,10,0.1,0.9,2026-06-23T17:30:02
OSM47058,O3025476907,O3025476905,益州大道,益州大道中段,3,blocked,10,0.1,0.9,2026-06-23T17:30:02
OSM47059,O3025476905,O3025476902,益州大道,益州大道中段,3,blocked,10,0.1,0.9,2026-06-23T17:30:02
OSM47060,O3025476902,O2081701028,益州大道,益州大道中段,3,blocked,10,0.1,0.9,2026-06-23T17:30:02
OSM47061,O2081701028,O3025476896,益州大道,益州大道中段,3,blocked,10,0.1,0.9,2026-06-23T17:30:02
OSM47062,O3025476896,O3025476890,益州大道,益州大道中段,3,blocked,10,0.1,0.9,2026-06-23T17:30:02
OSM47063,O3025476890,O3025476884,益州大道,益州大道中段,3,blocked,10,0.1,0.9,2026-06-23T17:30:02
OSM48372,O3028923850,O7887497598,锦悦西路,锦悦西路,3,blocked,10,0.1,0.9,2026-06-23T17:30:02
OSM48373,O7887497598,O4799743949,锦悦西路,锦悦西路,3,blocked,10,0.1,0.9,2026-06-23T17:30:02
OSM48374,O4799743949,O4799743948,锦悦西路,锦悦西路,3,blocked,10,0.1,0.9,2026-06-23T17:30:02
OSM48375,O4799743948,O3043190774,锦悦西路,锦悦西路,3,blocked,10,0.1,0.9,2026-06-23T17:30:02
OSM48376,O3043190774,O10049362176,锦悦西路,锦悦西路,3,blocked,10,0.1,0.9,2026-06-23T17:30:02
OSM48377,O10049362176,O2324975286,锦悦西路,锦悦西路,3,blocked,10,0.1,0.9,2026-06-23T17:30:02
OSM48378,O2324975286,O4799743954,锦悦西路,锦悦西路,3,blocked,10,0.1,0.9,2026-06-23T17:30:02
OSM48379,O4799743954,O8682285058,锦悦西路,锦悦西路,3,blocked,10,0.1,0.9,2026-06-23T17:30:02
OSM48380,O8682285058,O4547050687,锦悦西路,锦悦西路,3,blocked,10,0.1,0.9,2026-06-23T17:30:02
OSM48381,O4547050687,O4547050744,锦悦西路,锦悦西路,3,blocked,10,0.1,0.9,2026-06-23T17:30:02
OSM48382,O4547050744,O4547050321,锦悦西路,锦悦西路,3,blocked,10,0.1,0.9,2026-06-23T17:30:02
OSM48383,O4547050321,O4547050753,锦悦西路,锦悦西路,3,blocked,10,0.1,0.9,2026-06-23T17:30:02
OSM48384,O4547050753,O4547050751,锦悦西路,锦悦西路,3,blocked,10,0.1,0.9,2026-06-23T17:30:02
OSM48385,O4547050751,O4547050686,锦悦西路,锦悦西路,3,blocked,10,0.1,0.9,2026-06-23T17:30:02
OSM48386,O4547050686,O12554016608,锦悦西路,锦悦西路,3,blocked,10,0.1,0.9,2026-06-23T17:30:02
OSM48387,O12554016608,O4547050752,锦悦西路,锦悦西路,3,blocked,10,0.1,0.9,2026-06-23T17:30:02
OSM48388,O4547050752,O4547049788,锦悦西路,锦悦西路,3,blocked,10,0.1,0.9,2026-06-23T17:30:02
OSM48389,O4547049788,O4547050331,锦悦西路,锦悦西路,3,blocked,10,0.1,0.9,2026-06-23T17:30:02
OSM48390,O4547050331,O11545326433,锦悦西路,锦悦西路,3,blocked,10,0.1,0.9,2026-06-23T17:30:02
OSM48391,O11545326433,O4547050450,锦悦西路,锦悦西路,3,blocked,10,0.1,0.9,2026-06-23T17:30:02
OSM48392,O4547050450,O4547050337,锦悦西路,锦悦西路,3,blocked,10,0.1,0.9,2026-06-23T17:30:02
OSM48838,O3043176932,O11792372334,天府大道,天府大道北段,3,blocked,10,0.1,0.9,2026-06-23T17:30:02
OSM48839,O11792372334,O2133210387,天府大道,天府大道北段,3,blocked,10,0.1,0.9,2026-06-23T17:30:02
OSM48890,O276556912,O3085278691,天府大道北段,天府大道北段,3,blocked,10,0.1,0.9,2026-06-23T17:30:02
OSM48891,O276556909,O11792372335,天府大道,天府大道北段,3,blocked,10,0.1,0.9,2026-06-23T17:30:02
OSM48892,O11792372335,O276556912,天府大道,天府大道北段,3,blocked,10,0.1,0.9,2026-06-23T17:30:02
OSM72131,O337539452,O6217462728,益州大道北段,益州大道北段,2,congested,32,0.1,0.6,2026-06-23T17:30:02
OSM72132,O6217462728,O6217462732,益州大道北段,益州大道北段,2,congested,32,0.1,0.6,2026-06-23T17:30:02
OSM72133,O6217462732,O3273724124,益州大道北段,益州大道北段,2,congested,32,0.1,0.6,2026-06-23T17:30:02
OSM84703,O4219549255,O4219549254,益州大道北段,益州大道北段,2,congested,32,0.1,0.6,2026-06-23T17:30:02
OSM84704,O4219549254,O6217462992,益州大道北段,益州大道北段,2,congested,32,0.1,0.6,2026-06-23T17:30:02
OSM84705,O6217462992,O4219549253,益州大道北段,益州大道北段,2,congested,32,0.1,0.6,2026-06-23T17:30:02
OSM84710,O3815508518,O337539435,益州大道北段,益州大道北段,2,congested,32,0.1,0.6,2026-06-23T17:30:02
OSM84711,O337539435,O4219655328,益州大道北段,益州大道北段,2,congested,32,0.1,0.6,2026-06-23T17:30:02
OSM84712,O4219655328,O4219655330,益州大道北段,益州大道北段,2,congested,32,0.1,0.6,2026-06-23T17:30:02
OSM84713,O4219655330,O4219655331,益州大道北段,益州大道北段,2,congested,32,0.1,0.6,2026-06-23T17:30:02
OSM84714,O4219655331,O1493202240,益州大道北段,益州大道北段,2,congested,32,0.1,0.6,2026-06-23T17:30:02
OSM84715,O1493202240,O4219655329,益州大道北段,益州大道北段,2,congested,32,0.1,0.6,2026-06-23T17:30:02
OSM84716,O4219655329,O4219549257,益州大道北段,益州大道北段,2,congested,32,0.1,0.6,2026-06-23T17:30:02
OSM84717,O4219549257,O4219549256,益州大道北段,益州大道北段,2,congested,32,0.1,0.6,2026-06-23T17:30:02
OSM97188,O2331367416,O2133206765,锦悦西路,锦悦西路,3,blocked,10,0.1,0.9,2026-06-23T17:30:02
OSM97189,O2133206765,O6222518941,锦悦西路,锦悦西路,3,blocked,10,0.1,0.9,2026-06-23T17:30:02
OSM97190,O6222518941,O3028876435,锦悦西路,锦悦西路,3,blocked,10,0.1,0.9,2026-06-23T17:30:02
OSM97191,O3028876435,O6222518742,锦悦西路,锦悦西路,3,blocked,10,0.1,0.9,2026-06-23T17:30:02
OSM97192,O6222518742,O2133206781,锦悦西路,锦悦西路,3,blocked,10,0.1,0.9,2026-06-23T17:30:02
OSM97193,O2133206781,O6222518738,锦悦西路,锦悦西路,3,blocked,10,0.1,0.9,2026-06-23T17:30:02
OSM97194,O6222518738,O6222518741,锦悦西路,锦悦西路,3,blocked,10,0.1,0.9,2026-06-23T17:30:02
OSM97195,O6222518741,O2133206785,锦悦西路,锦悦西路,3,blocked,10,0.1,0.9,2026-06-23T17:30:02
OSM97196,O2133206785,O9181729467,锦悦西路,锦悦西路,3,blocked,10,0.1,0.9,2026-06-23T17:30:02
OSM97197,O9181729467,O2098161275,锦悦西路,锦悦西路,3,blocked,10,0.1,0.9,2026-06-23T17:30:02
OSM97198,O2098161275,O3025478548,锦悦西路,锦悦西路,3,blocked,10,0.1,0.9,2026-06-23T17:30:02
OSM97199,O3025478548,O4799743945,锦悦西路,锦悦西路,3,blocked,10,0.1,0.9,2026-06-23T17:30:02
OSM97200,O4799743945,O4799743946,锦悦西路,锦悦西路,3,blocked,10,0.1,0.9,2026-06-23T17:30:02
OSM97201,O4799743946,O10049362175,锦悦西路,锦悦西路,3,blocked,10,0.1,0.9,2026-06-23T17:30:02
OSM97202,O10049362175,O4799743947,锦悦西路,锦悦西路,3,blocked,10,0.1,0.9,2026-06-23T17:30:02
OSM97203,O4799743947,O4742553457,锦悦西路,锦悦西路,3,blocked,10,0.1,0.9,2026-06-23T17:30:02
OSM97204,O4742553457,O7887497595,锦悦西路,锦悦西路,3,blocked,10,0.1,0.9,2026-06-23T17:30:02
OSM97205,O7887497595,O7887497593,锦悦西路,锦悦西路,3,blocked,10,0.1,0.9,2026-06-23T17:30:02
OSM97206,O7887497593,O2324975289,锦悦西路,锦悦西路,3,blocked,10,0.1,0.9,2026-06-23T17:30:02
OSM97207,O2324975289,O7887497592,锦悦西路,锦悦西路,3,blocked,10,0.1,0.9,2026-06-23T17:30:02
OSM109749,O3273724124,O4699185750,益州大道北段,益州大道北段,2,congested,32,0.1,0.6,2026-06-23T17:30:02
OSM109750,O4699185750,O3815508519,益州大道北段,益州大道北段,2,congested,32,0.1,0.6,2026-06-23T17:30:02
OSM109818,O2081700152,O3025476859,益州大道,益州大道中段,3,blocked,10,0.1,0.9,2026-06-23T17:30:02
OSM109819,O3025476859,O3015482300,益州大道,益州大道中段,3,blocked,10,0.1,0.9,2026-06-23T17:30:02
OSM109820,O3015482300,O3025787967,益州大道,益州大道中段,3,blocked,10,0.1,0.9,2026-06-23T17:30:02
OSM109821,O3025787967,O3025787994,益州大道,益州大道中段,3,blocked,10,0.1,0.9,2026-06-23T17:30:02
OSM109822,O3025787994,O3025476861,益州大道,益州大道中段,3,blocked,10,0.1,0.9,2026-06-23T17:30:02
OSM109823,O3025476861,O3015488871,益州大道,益州大道中段,3,blocked,10,0.1,0.9,2026-06-23T17:30:02
OSM109824,O3015488871,O3025476865,益州大道,益州大道中段,3,blocked,10,0.1,0.9,2026-06-23T17:30:02
OSM109825,O3025476865,O3015488878,益州大道,益州大道中段,3,blocked,10,0.1,0.9,2026-06-23T17:30:02
OSM109826,O3015488878,O3015488889,益州大道,益州大道中段,3,blocked,10,0.1,0.9,2026-06-23T17:30:02
OSM109827,O3015488889,O3025476869,益州大道,益州大道中段,3,blocked,10,0.1,0.9,2026-06-23T17:30:02
OSM109828,O3025476869,O6243100374,益州大道,益州大道中段,3,blocked,10,0.1,0.9,2026-06-23T17:30:02
OSM109829,O6243100374,O3025476872,益州大道,益州大道中段,3,blocked,10,0.1,0.9,2026-06-23T17:30:02
OSM109830,O3025476872,O8226414134,益州大道,益州大道中段,3,blocked,10,0.1,0.9,2026-06-23T17:30:02
OSM109831,O8226414134,O2081700147,益州大道,益州大道中段,3,blocked,10,0.1,0.9,2026-06-23T17:30:02
OSM109832,O2081700147,O4203937298,益州大道,益州大道中段,3,blocked,10,0.1,0.9,2026-06-23T17:30:02
OSM109833,O4203937298,O2327039879,益州大道,益州大道中段,3,blocked,10,0.1,0.9,2026-06-23T17:30:02
OSM109834,O2327039879,O3025476891,益州大道,益州大道中段,3,blocked,10,0.1,0.9,2026-06-23T17:30:02
OSM109835,O3025476891,O2133206764,益州大道,益州大道中段,3,blocked,10,0.1,0.9,2026-06-23T17:30:02
OSM109836,O2133206764,O4548318117,益州大道,益州大道中段,3,blocked,10,0.1,0.9,2026-06-23T17:30:02
OSM109837,O4548318117,O2081700154,益州大道,益州大道中段,3,blocked,10,0.1,0.9,2026-06-23T17:30:02
OSM109838,O2081700154,O3025476901,益州大道,益州大道中段,3,blocked,10,0.1,0.9,2026-06-23T17:30:02
OSM109839,O3025476901,O3043348538,益州大道,益州大道中段,3,blocked,10,0.1,0.9,2026-06-23T17:30:02
OSM109840,O3043348538,O3025476903,益州大道,益州大道中段,3,blocked,10,0.1,0.9,2026-06-23T17:30:02
OSM109841,O3025476903,O3025476904,益州大道,益州大道中段,3,blocked,10,0.1,0.9,2026-06-23T17:30:02
OSM109842,O3025476904,O2081700146,益州大道,益州大道中段,3,blocked,10,0.1,0.9,2026-06-23T17:30:02
OSM109843,O2081700146,O2134841449,益州大道,益州大道中段,3,blocked,10,0.1,0.9,2026-06-23T17:30:02
OSM109844,O2134841449,O3025476912,益州大道,益州大道中段,3,blocked,10,0.1,0.9,2026-06-23T17:30:02
OSM109845,O3025476912,O3025476914,益州大道,益州大道中段,3,blocked,10,0.1,0.9,2026-06-23T17:30:02
OSM109846,O3025476914,O3025476918,益州大道,益州大道中段,3,blocked,10,0.1,0.9,2026-06-23T17:30:02
OSM109847,O3025476918,O10250321842,益州大道,益州大道中段,3,blocked,10,0.1,0.9,2026-06-23T17:30:02
OSM109848,O10250321842,O2081700151,益州大道,益州大道中段,3,blocked,10,0.1,0.9,2026-06-23T17:30:02
OSM109849,O2081700151,O3025476924,益州大道,益州大道中段,3,blocked,10,0.1,0.9,2026-06-23T17:30:02
OSM109850,O3025476924,O2505777607,益州大道,益州大道中段,3,blocked,10,0.1,0.9,2026-06-23T17:30:02
OSM109851,O2505777607,O4923122559,益州大道,益州大道中段,3,blocked,10,0.1,0.9,2026-06-23T17:30:02
OSM109852,O4923122559,O10250321811,益州大道,益州大道中段,3,blocked,10,0.1,0.9,2026-06-23T17:30:02
OSM109853,O10250321811,O3043268886,益州大道,益州大道中段,3,blocked,10,0.1,0.9,2026-06-23T17:30:02
OSM109854,O3043268886,O672406043,益州大道,益州大道中段,3,blocked,10,0.1,0.9,2026-06-23T17:30:02
OSM109855,O672406043,O2081700155,益州大道,益州大道中段,3,blocked,10,0.1,0.9,2026-06-23T17:30:02
OSM109856,O2081700155,O3025478539,益州大道,益州大道中段,3,blocked,10,0.1,0.9,2026-06-23T17:30:02
OSM109857,O3025478539,O6154452320,益州大道,益州大道中段,3,blocked,10,0.1,0.9,2026-06-23T17:30:02
OSM109858,O6154452320,O11813630652,益州大道,益州大道中段,3,blocked,10,0.1,0.9,2026-06-23T17:30:02
OSM109859,O11813630652,O2081700157,益州大道,益州大道中段,3,blocked,10,0.1,0.9,2026-06-23T17:30:02
OSM109860,O2081700157,O3025478545,益州大道,益州大道中段,3,blocked,10,0.1,0.9,2026-06-23T17:30:02
OSM109861,O3025478545,O3025478547,益州大道,益州大道中段,3,blocked,10,0.1,0.9,2026-06-23T17:30:02
OSM109862,O3025478547,O4547050744,益州大道,益州大道中段,3,blocked,10,0.1,0.9,2026-06-23T17:30:02
OSM109863,O4547050744,O2098161275,益州大道,益州大道中段,3,blocked,10,0.1,0.9,2026-06-23T17:30:02
OSM109864,O2098161275,O7966318234,益州大道,益州大道中段,3,blocked,10,0.1,0.9,2026-06-23T17:30:02
OSM109865,O7966318234,O3025478552,益州大道,益州大道中段,3,blocked,10,0.1,0.9,2026-06-23T17:30:02
OSM109866,O3025478552,O3025478554,益州大道,益州大道中段,3,blocked,10,0.1,0.9,2026-06-23T17:30:02
OSM109867,O3025478554,O7966318237,益州大道,益州大道中段,3,blocked,10,0.1,0.9,2026-06-23T17:30:02
OSM109868,O7966318237,O2098161254,益州大道,益州大道中段,3,blocked,10,0.1,0.9,2026-06-23T17:30:02
OSM109869,O2098161254,O4546939763,益州大道,益州大道中段,3,blocked,10,0.1,0.9,2026-06-23T17:30:02
OSM109870,O4546939763,O4742501662,益州大道,益州大道中段,3,blocked,10,0.1,0.9,2026-06-23T17:30:02
OSM109871,O4742501662,O3028923864,益州大道,益州大道中段,3,blocked,10,0.1,0.9,2026-06-23T17:30:02
OSM109872,O3028923864,O3028923868,益州大道,益州大道中段,3,blocked,10,0.1,0.9,2026-06-23T17:30:02
OSM109873,O3028923868,O3025478560,益州大道,益州大道中段,3,blocked,10,0.1,0.9,2026-06-23T17:30:02
OSM109874,O3025478560,O2098161263,益州大道,益州大道中段,3,blocked,10,0.1,0.9,2026-06-23T17:30:02
OSM109875,O2098161263,O3025478562,益州大道,益州大道中段,3,blocked,10,0.1,0.9,2026-06-23T17:30:02
OSM109876,O3025478562,O3028923909,益州大道,益州大道中段,3,blocked,10,0.1,0.9,2026-06-23T17:30:02
OSM109877,O3028923909,O6148643123,益州大道,益州大道中段,3,blocked,10,0.1,0.9,2026-06-23T17:30:02
OSM109878,O6148643123,O3025478564,益州大道,益州大道中段,3,blocked,10,0.1,0.9,2026-06-23T17:30:02
OSM109879,O3025478564,O4770508528,益州大道,益州大道中段,3,blocked,10,0.1,0.9,2026-06-23T17:30:02
OSM109880,O4770508528,O6147207685,益州大道,益州大道中段,3,blocked,10,0.1,0.9,2026-06-23T17:30:02
OSM109881,O6147207685,O3028924078,益州大道,益州大道中段,3,blocked,10,0.1,0.9,2026-06-23T17:30:02
OSM109882,O3028924078,O3028924120,益州大道,益州大道中段,3,blocked,10,0.1,0.9,2026-06-23T17:30:02
OSM109883,O3028924120,O3028924126,益州大道,益州大道中段,3,blocked,10,0.1,0.9,2026-06-23T17:30:02
OSM109884,O3028924126,O2411169687,益州大道,益州大道中段,3,blocked,10,0.1,0.9,2026-06-23T17:30:02
OSM109885,O2411169687,O4799738615,益州大道,益州大道中段,3,blocked,10,0.1,0.9,2026-06-23T17:30:02
OSM109886,O4799738615,O2411169688,益州大道,益州大道中段,3,blocked,10,0.1,0.9,2026-06-23T17:30:02
OSM109887,O2411169688,O2324975118,益州大道,益州大道中段,3,blocked,10,0.1,0.9,2026-06-23T17:30:02
OSM109888,O2324975118,O4661403749,益州大道,益州大道中段,3,blocked,10,0.1,0.9,2026-06-23T17:30:02
OSM109889,O4661403749,O3464542160,益州大道,益州大道中段,3,blocked,10,0.1,0.9,2026-06-23T17:30:02
OSM109890,O3464542160,O2495738389,益州大道,益州大道中段,3,blocked,10,0.1,0.9,2026-06-23T17:30:02
OSM109891,O2495738389,O3025478577,益州大道,益州大道中段,3,blocked,10,0.1,0.9,2026-06-23T17:30:02
OSM109892,O3025478577,O2133215473,益州大道,益州大道中段,3,blocked,10,0.1,0.9,2026-06-23T17:30:02
OSM231994,O436388582,O436388565,天府大道北段,天府大道北段,3,blocked,10,0.1,0.9,2026-06-23T17:30:02
OSM231995,O11992312368,O11693699579,天府大道北段,天府大道北段,3,blocked,10,0.1,0.9,2026-06-23T17:30:02
OSM231996,O11693699579,O11693699616,天府大道北段,天府大道北段,3,blocked,10,0.1,0.9,2026-06-23T17:30:02
OSM231997,O11693699616,O11992316970,天府大道北段,天府大道北段,3,blocked,10,0.1,0.9,2026-06-23T17:30:02
OSM231998,O11992316971,O11693699615,天府大道北段,天府大道北段,3,blocked,10,0.1,0.9,2026-06-23T17:30:02
OSM231999,O11693699615,O11693699580,天府大道北段,天府大道北段,3,blocked,10,0.1,0.9,2026-06-23T17:30:02
OSM232000,O11693699580,O11992316969,天府大道北段,天府大道北段,3,blocked,10,0.1,0.9,2026-06-23T17:30:02
OSM295889,O7618650275,O7618650277,名都路,名都路,1,expedite,30,0.06,0.06,2026-06-23T17:30:02
OSM295890,O7618650277,O7618689440,名都路,名都路,1,expedite,30,0.06,0.06,2026-06-23T17:30:02
OSM295891,O7618689440,O7618650255,名都路,名都路,1,expedite,30,0.06,0.06,2026-06-23T17:30:02
OSM295892,O7618650255,O1159166029,名都路,名都路,1,expedite,30,0.06,0.06,2026-06-23T17:30:02
OSM295893,O1159166029,O6153181353,名都路,名都路,1,expedite,30,0.06,0.06,2026-06-23T17:30:02
OSM295894,O6153181353,O2081783925,名都路,名都路,1,expedite,30,0.06,0.06,2026-06-23T17:30:02
OSM295895,O2081783925,O4547050494,名都路,名都路,1,expedite,30,0.06,0.06,2026-06-23T17:30:02
OSM295896,O1159166024,O3651253756,名都路,名都路,1,expedite,30,0.06,0.06,2026-06-23T17:30:02
OSM295897,O3651253756,O6142298008,名都路,名都路,1,expedite,30,0.06,0.06,2026-06-23T17:30:02
OSM295898,O6142298008,O7618689404,名都路,名都路,1,expedite,30,0.06,0.06,2026-06-23T17:30:02
OSM295899,O7618689404,O1815779314,名都路,名都路,1,expedite,30,0.06,0.06,2026-06-23T17:30:02
OSM295900,O1815779314,O7618689413,名都路,名都路,1,expedite,30,0.06,0.06,2026-06-23T17:30:02
OSM295901,O7618689413,O1159166025,名都路,名都路,1,expedite,30,0.06,0.06,2026-06-23T17:30:02
OSM295902,O1159166025,O7618650275,名都路,名都路,1,expedite,30,0.06,0.06,2026-06-23T17:30:02
OSM329747,O7887497592,O7887497599,锦悦西路,锦悦西路,3,blocked,10,0.06,0.9,2026-06-23T17:30:02
OSM329748,O7887497599,O7887497600,锦悦西路,锦悦西路,3,blocked,10,0.06,0.9,2026-06-23T17:30:02
OSM329749,O7887497600,O7887497601,锦悦西路,锦悦西路,3,blocked,10,0.06,0.9,2026-06-23T17:30:02
OSM329750,O7887497601,O7887497603,锦悦西路,锦悦西路,3,blocked,10,0.06,0.9,2026-06-23T17:30:02
OSM329751,O7887497603,O7887497604,锦悦西路,锦悦西路,3,blocked,10,0.06,0.9,2026-06-23T17:30:02
OSM329752,O7887497604,O7887497605,锦悦西路,锦悦西路,3,blocked,10,0.06,0.9,2026-06-23T17:30:02
OSM329753,O7887497605,O7887497607,锦悦西路,锦悦西路,3,blocked,10,0.06,0.9,2026-06-23T17:30:02
OSM329754,O7887497607,O7887497608,锦悦西路,锦悦西路,3,blocked,10,0.06,0.9,2026-06-23T17:30:02
OSM329755,O7887497608,O7887497609,锦悦西路,锦悦西路,3,blocked,10,0.06,0.9,2026-06-23T17:30:02
OSM329756,O7887497609,O7887497610,锦悦西路,锦悦西路,3,blocked,10,0.06,0.9,2026-06-23T17:30:02
OSM329757,O7887497610,O7887497611,锦悦西路,锦悦西路,3,blocked,10,0.06,0.9,2026-06-23T17:30:02
OSM329758,O7887497611,O7887497612,锦悦西路,锦悦西路,3,blocked,10,0.06,0.9,2026-06-23T17:30:02
OSM329759,O7887497612,O7887497613,锦悦西路,锦悦西路,3,blocked,10,0.06,0.9,2026-06-23T17:30:02
OSM329760,O7887497613,O7887497614,锦悦西路,锦悦西路,3,blocked,10,0.06,0.9,2026-06-23T17:30:02
OSM329761,O7887497614,O7887497616,锦悦西路,锦悦西路,3,blocked,10,0.06,0.9,2026-06-23T17:30:02
OSM329762,O7887497616,O7887497617,锦悦西路,锦悦西路,3,blocked,10,0.06,0.9,2026-06-23T17:30:02
OSM329763,O2324975293,O7887497615,锦悦西路,锦悦西路,3,blocked,10,0.06,0.9,2026-06-23T17:30:02
OSM329764,O7887497615,O3043194249,锦悦西路,锦悦西路,3,blocked,10,0.06,0.9,2026-06-23T17:30:02
OSM329765,O3043194249,O3043194248,锦悦西路,锦悦西路,3,blocked,10,0.06,0.9,2026-06-23T17:30:02
OSM329766,O3043194248,O2324975308,锦悦西路,锦悦西路,3,blocked,10,0.06,0.9,2026-06-23T17:30:02
OSM329767,O2324975308,O3043194247,锦悦西路,锦悦西路,3,blocked,10,0.06,0.9,2026-06-23T17:30:02
OSM329768,O3043194247,O3043194246,锦悦西路,锦悦西路,3,blocked,10,0.06,0.9,2026-06-23T17:30:02
OSM329769,O3043194246,O3043194245,锦悦西路,锦悦西路,3,blocked,10,0.06,0.9,2026-06-23T17:30:02
OSM329770,O3043194245,O2324975285,锦悦西路,锦悦西路,3,blocked,10,0.06,0.9,2026-06-23T17:30:02
OSM329771,O2324975285,O7887497606,锦悦西路,锦悦西路,3,blocked,10,0.06,0.9,2026-06-23T17:30:02
OSM329772,O7887497606,O4699484246,锦悦西路,锦悦西路,3,blocked,10,0.06,0.9,2026-06-23T17:30:02
OSM329773,O4699484246,O7887497602,锦悦西路,锦悦西路,3,blocked,10,0.06,0.9,2026-06-23T17:30:02
OSM329774,O7887497602,O2324975284,锦悦西路,锦悦西路,3,blocked,10,0.06,0.9,2026-06-23T17:30:02
OSM329775,O2324975284,O7887497597,锦悦西路,锦悦西路,3,blocked,10,0.06,0.9,2026-06-23T17:30:02
OSM329776,O7887497597,O3028923850,锦悦西路,锦悦西路,3,blocked,10,0.06,0.9,2026-06-23T17:30:02
OSM353135,O11533456237,O8293824153,天府大道北段,天府大道北段,3,blocked,10,0.1,0.9,2026-06-23T17:30:02
OSM353136,O8293824153,O11533456225,天府大道北段,天府大道北段,3,blocked,10,0.1,0.9,2026-06-23T17:30:02
OSM353137,O11533456225,O11533456236,天府大道北段,天府大道北段,3,blocked,10,0.1,0.9,2026-06-23T17:30:02
OSM353138,O11533456236,O11533456227,天府大道北段,天府大道北段,3,blocked,10,0.1,0.9,2026-06-23T17:30:02
OSM353139,O11533456227,O11533456235,天府大道北段,天府大道北段,3,blocked,10,0.1,0.9,2026-06-23T17:30:02
OSM353140,O11533456235,O8293824152,天府大道北段,天府大道北段,3,blocked,10,0.1,0.9,2026-06-23T17:30:02
OSM353141,O8293824152,O11533456234,天府大道北段,天府大道北段,3,blocked,10,0.1,0.9,2026-06-23T17:30:02
OSM353142,O11533456234,O8293824151,天府大道北段,天府大道北段,3,blocked,10,0.1,0.9,2026-06-23T17:30:02
OSM353143,O8293824151,O11533456233,天府大道北段,天府大道北段,3,blocked,10,0.1,0.9,2026-06-23T17:30:02
OSM353144,O11533456233,O11533456231,天府大道北段,天府大道北段,3,blocked,10,0.1,0.9,2026-06-23T17:30:02
OSM353145,O11533456231,O11533456232,天府大道北段,天府大道北段,3,blocked,10,0.1,0.9,2026-06-23T17:30:02
OSM353146,O11533456232,O11533456322,天府大道北段,天府大道北段,3,blocked,10,0.1,0.9,2026-06-23T17:30:02
OSM363029,O8406697912,O3025478597,益州大道,益州大道中段,3,blocked,10,0.1,0.9,2026-06-23T17:30:02
OSM363030,O4219549246,O3025478596,益州大道,益州大道中段,3,blocked,10,0.1,0.9,2026-06-23T17:30:02
OSM363031,O3025478596,O4692270175,益州大道,益州大道中段,3,blocked,10,0.1,0.9,2026-06-23T17:30:02
OSM363032,O4692270175,O8406697911,益州大道,益州大道中段,3,blocked,10,0.1,0.9,2026-06-23T17:30:02
OSM366487,O3025478588,O3025478578,益州大道,益州大道中段,3,blocked,10,0.1,0.9,2026-06-23T17:30:02
OSM366488,O3025478578,O9290341248,益州大道,益州大道中段,3,blocked,10,0.1,0.9,2026-06-23T17:30:02
OSM366489,O9290341248,O3025478576,益州大道,益州大道中段,3,blocked,10,0.1,0.9,2026-06-23T17:30:02
OSM366490,O3025478576,O3464542158,益州大道,益州大道中段,3,blocked,10,0.1,0.9,2026-06-23T17:30:02
OSM366491,O3464542158,O3025478574,益州大道,益州大道中段,3,blocked,10,0.1,0.9,2026-06-23T17:30:02
OSM366492,O3025478574,O3025478572,益州大道,益州大道中段,3,blocked,10,0.1,0.9,2026-06-23T17:30:02
OSM366493,O3025476884,O3025476878,益州大道,益州大道中段,3,blocked,10,0.1,0.9,2026-06-23T17:30:02
OSM366494,O3025476878,O3025476877,益州大道,益州大道中段,3,blocked,10,0.1,0.9,2026-06-23T17:30:02
OSM366495,O3025476877,O6243233047,益州大道,益州大道中段,3,blocked,10,0.1,0.9,2026-06-23T17:30:02
OSM366496,O6243233047,O6243233060,益州大道,益州大道中段,3,blocked,10,0.1,0.9,2026-06-23T17:30:02
OSM366497,O6243233060,O3025476873,益州大道,益州大道中段,3,blocked,10,0.1,0.9,2026-06-23T17:30:02
OSM366498,O3025476873,O8226414135,益州大道,益州大道中段,3,blocked,10,0.1,0.9,2026-06-23T17:30:02
OSM366499,O8226414135,O3025476871,益州大道,益州大道中段,3,blocked,10,0.1,0.9,2026-06-23T17:30:02
OSM366500,O3025476871,O6243233196,益州大道,益州大道中段,3,blocked,10,0.1,0.9,2026-06-23T17:30:02
OSM366501,O6243233196,O3025476870,益州大道,益州大道中段,3,blocked,10,0.1,0.9,2026-06-23T17:30:02
OSM366502,O3025476870,O6243500101,益州大道,益州大道中段,3,blocked,10,0.1,0.9,2026-06-23T17:30:02
OSM366503,O6243500101,O3025476868,益州大道,益州大道中段,3,blocked,10,0.1,0.9,2026-06-23T17:30:02
OSM366504,O3025476868,O3025476867,益州大道,益州大道中段,3,blocked,10,0.1,0.9,2026-06-23T17:30:02
OSM366505,O3025476867,O3025476866,益州大道,益州大道中段,3,blocked,10,0.1,0.9,2026-06-23T17:30:02
OSM366506,O3025476866,O10250386837,益州大道,益州大道中段,3,blocked,10,0.1,0.9,2026-06-23T17:30:02
OSM366507,O10250386837,O3025476864,益州大道,益州大道中段,3,blocked,10,0.1,0.9,2026-06-23T17:30:02
OSM366508,O3025476864,O3025476863,益州大道,益州大道中段,3,blocked,10,0.1,0.9,2026-06-23T17:30:02
OSM366509,O3025476863,O6243500112,益州大道,益州大道中段,3,blocked,10,0.1,0.9,2026-06-23T17:30:02
OSM366510,O6243500112,O3025476862,益州大道,益州大道中段,3,blocked,10,0.1,0.9,2026-06-23T17:30:02
OSM366511,O3025476862,O3025787998,益州大道,益州大道中段,3,blocked,10,0.1,0.9,2026-06-23T17:30:02
OSM366512,O3025787998,O3025476860,益州大道,益州大道中段,3,blocked,10,0.1,0.9,2026-06-23T17:30:02
OSM366513,O3025476860,O3025787887,益州大道,益州大道中段,3,blocked,10,0.1,0.9,2026-06-23T17:30:02
OSM366514,O3025787887,O4757900156,益州大道,益州大道中段,3,blocked,10,0.1,0.9,2026-06-23T17:30:02
OSM366515,O4757900156,O4772135726,益州大道,益州大道中段,3,blocked,10,0.1,0.9,2026-06-23T17:30:02
OSM366516,O4772135726,O2210986248,益州大道,益州大道中段,3,blocked,10,0.1,0.9,2026-06-23T17:30:02
OSM397772,O12681133097,O9176014090,天府大道北段,天府大道北段,3,blocked,10,0.1,0.9,2026-06-23T17:30:02
OSM397773,O9176014090,O9176014091,天府大道北段,天府大道北段,3,blocked,10,0.1,0.9,2026-06-23T17:30:02
OSM397774,O9176014091,O9176014092,天府大道北段,天府大道北段,3,blocked,10,0.1,0.9,2026-06-23T17:30:02
OSM397775,O9176014092,O9176014093,天府大道北段,天府大道北段,3,blocked,10,0.1,0.9,2026-06-23T17:30:02
OSM397776,O9176014093,O9176014094,天府大道北段,天府大道北段,3,blocked,10,0.1,0.9,2026-06-23T17:30:02
OSM397777,O9176014094,O9176014095,天府大道北段,天府大道北段,3,blocked,10,0.1,0.9,2026-06-23T17:30:02
OSM397778,O9176014095,O9176014096,天府大道北段,天府大道北段,3,blocked,10,0.1,0.9,2026-06-23T17:30:02
OSM397779,O9176014096,O9176014097,天府大道北段,天府大道北段,3,blocked,10,0.1,0.9,2026-06-23T17:30:02
OSM397780,O9176014097,O9176014087,天府大道北段,天府大道北段,3,blocked,10,0.1,0.9,2026-06-23T17:30:02
OSM397781,O9176014087,O8396633385,天府大道北段,天府大道北段,3,blocked,10,0.1,0.9,2026-06-23T17:30:02
OSM397782,O8396633385,O11533455886,天府大道北段,天府大道北段,3,blocked,10,0.1,0.9,2026-06-23T17:30:02
OSM397783,O11533455886,O8396633386,天府大道北段,天府大道北段,3,blocked,10,0.1,0.9,2026-06-23T17:30:02
OSM397784,O8396633386,O8396633387,天府大道北段,天府大道北段,3,blocked,10,0.1,0.9,2026-06-23T17:30:02
OSM397785,O8396633387,O11533455877,天府大道北段,天府大道北段,3,blocked,10,0.1,0.9,2026-06-23T17:30:02
OSM397786,O11533455877,O11533455946,天府大道北段,天府大道北段,3,blocked,10,0.1,0.9,2026-06-23T17:30:02
OSM397814,O11533455947,O11533455919,天府大道北段,天府大道北段,3,blocked,10,0.1,0.9,2026-06-23T17:30:02
OSM397815,O11533455919,O11533456064,天府大道北段,天府大道北段,3,blocked,10,0.1,0.9,2026-06-23T17:30:02
OSM397816,O11533456064,O11533455920,天府大道北段,天府大道北段,3,blocked,10,0.1,0.9,2026-06-23T17:30:02
OSM397817,O11533455920,O11533455921,天府大道北段,天府大道北段,3,blocked,10,0.1,0.9,2026-06-23T17:30:02
OSM397818,O11533455921,O11533455922,天府大道北段,天府大道北段,3,blocked,10,0.1,0.9,2026-06-23T17:30:02
OSM397819,O11533455922,O11533455923,天府大道北段,天府大道北段,3,blocked,10,0.1,0.9,2026-06-23T17:30:02
OSM397820,O11533455923,O11533455924,天府大道北段,天府大道北段,3,blocked,10,0.1,0.9,2026-06-23T17:30:02
OSM397821,O11533455924,O11533455925,天府大道北段,天府大道北段,3,blocked,10,0.1,0.9,2026-06-23T17:30:02
OSM397822,O11533455925,O11533455926,天府大道北段,天府大道北段,3,blocked,10,0.1,0.9,2026-06-23T17:30:02
OSM397823,O11533455926,O11533455927,天府大道北段,天府大道北段,3,blocked,10,0.1,0.9,2026-06-23T17:30:02
OSM397824,O11533455927,O11533455887,天府大道北段,天府大道北段,3,blocked,10,0.1,0.9,2026-06-23T17:30:02
OSM397825,O11533455887,O8396633384,天府大道北段,天府大道北段,3,blocked,10,0.1,0.9,2026-06-23T17:30:02
OSM397826,O8396633384,O9176014086,天府大道北段,天府大道北段,3,blocked,10,0.1,0.9,2026-06-23T17:30:02
OSM397827,O9176014086,O9176014085,天府大道北段,天府大道北段,3,blocked,10,0.1,0.9,2026-06-23T17:30:02
OSM397828,O9176014085,O8396633383,天府大道北段,天府大道北段,3,blocked,10,0.1,0.9,2026-06-23T17:30:02
OSM397829,O8396633383,O8293824154,天府大道北段,天府大道北段,3,blocked,10,0.1,0.9,2026-06-23T17:30:02
OSM397830,O8293824154,O12681133061,天府大道北段,天府大道北段,3,blocked,10,0.1,0.9,2026-06-23T17:30:02
OSM498239,O10976927779,O10976927762,天府大道北段,天府大道北段,3,blocked,10,0.1,0.9,2026-06-23T17:30:02
OSM498240,O10976927762,O10976927778,天府大道北段,天府大道北段,3,blocked,10,0.1,0.9,2026-06-23T17:30:02
OSM498241,O10976927841,O10976927757,天府大道北段,天府大道北段,3,blocked,10,0.1,0.9,2026-06-23T17:30:02
OSM498242,O10976927757,O10976927758,天府大道北段,天府大道北段,3,blocked,10,0.1,0.9,2026-06-23T17:30:02
OSM498243,O10976927758,O10976927777,天府大道北段,天府大道北段,3,blocked,10,0.1,0.9,2026-06-23T17:30:02
OSM498244,O10976927777,O10976927759,天府大道北段,天府大道北段,3,blocked,10,0.1,0.9,2026-06-23T17:30:02
OSM498245,O10976927759,O10976927760,天府大道北段,天府大道北段,3,blocked,10,0.1,0.9,2026-06-23T17:30:02
OSM498246,O10976927760,O10976927843,天府大道北段,天府大道北段,3,blocked,10,0.1,0.9,2026-06-23T17:30:02
OSM498247,O10976927784,O10976927785,天府大道北段,天府大道北段,3,blocked,10,0.1,0.9,2026-06-23T17:30:02
OSM498248,O10976927785,O10976927786,天府大道北段,天府大道北段,3,blocked,10,0.1,0.9,2026-06-23T17:30:02
OSM498249,O10976927786,O10976927787,天府大道北段,天府大道北段,3,blocked,10,0.1,0.9,2026-06-23T17:30:02
OSM498250,O10976927787,O10976927788,天府大道北段,天府大道北段,3,blocked,10,0.1,0.9,2026-06-23T17:30:02
OSM498279,O10976927780,O10976927755,天府大道北段,天府大道北段,3,blocked,10,0.1,0.9,2026-06-23T17:30:02
OSM498280,O10976927755,O12625814805,天府大道北段,天府大道北段,3,blocked,10,0.1,0.9,2026-06-23T17:30:02
OSM498281,O12625814805,O10976927756,天府大道北段,天府大道北段,3,blocked,10,0.1,0.9,2026-06-23T17:30:02
OSM498282,O10976927756,O10976927841,天府大道北段,天府大道北段,3,blocked,10,0.1,0.9,2026-06-23T17:30:02
OSM498283,O10976927788,O10976927792,天府大道北段,天府大道北段,3,blocked,10,0.1,0.9,2026-06-23T17:30:02
OSM498284,O10976927843,O10976927761,天府大道北段,天府大道北段,3,blocked,10,0.1,0.9,2026-06-23T17:30:02
OSM498285,O10976927761,O10976927779,天府大道北段,天府大道北段,3,blocked,10,0.1,0.9,2026-06-23T17:30:02
OSM498286,O10976927793,O10976927783,天府大道北段,天府大道北段,3,blocked,10,0.1,0.9,2026-06-23T17:30:02
OSM498287,O10976927783,O10976927784,天府大道北段,天府大道北段,3,blocked,10,0.1,0.9,2026-06-23T17:30:02
OSM530807,O10976927792,O10976927789,天府大道北段,天府大道北段,3,blocked,10,0.1,0.9,2026-06-23T17:30:02
OSM530808,O10976927789,O10976927790,天府大道北段,天府大道北段,3,blocked,10,0.1,0.9,2026-06-23T17:30:02
OSM530809,O10976927790,O10976927791,天府大道北段,天府大道北段,3,blocked,10,0.1,0.9,2026-06-23T17:30:02
OSM530810,O10976927791,O10976927794,天府大道北段,天府大道北段,3,blocked,10,0.1,0.9,2026-06-23T17:30:02
OSM530811,O10976927794,O10976927801,天府大道北段,天府大道北段,3,blocked,10,0.1,0.9,2026-06-23T17:30:02
OSM530812,O10976927801,O10976927802,天府大道北段,天府大道北段,3,blocked,10,0.1,0.9,2026-06-23T17:30:02
OSM530813,O10976927803,O8396633395,天府大道北段,天府大道北段,3,blocked,10,0.1,0.9,2026-06-23T17:30:02
OSM530814,O8396633395,O11276363260,天府大道北段,天府大道北段,3,blocked,10,0.1,0.9,2026-06-23T17:30:02
OSM530815,O11276363260,O8396633394,天府大道北段,天府大道北段,3,blocked,10,0.1,0.9,2026-06-23T17:30:02
OSM530816,O8396633394,O8396633392,天府大道北段,天府大道北段,3,blocked,10,0.1,0.9,2026-06-23T17:30:02
OSM530817,O8396633392,O8396633390,天府大道北段,天府大道北段,3,blocked,10,0.1,0.9,2026-06-23T17:30:02
OSM530818,O8396633390,O10976927780,天府大道北段,天府大道北段,3,blocked,10,0.1,0.9,2026-06-23T17:30:02
OSM530819,O10976927802,O11533442664,天府大道北段,天府大道北段,3,blocked,10,0.1,0.9,2026-06-23T17:30:02
OSM530820,O11533442665,O10976927803,天府大道北段,天府大道北段,3,blocked,10,0.1,0.9,2026-06-23T17:30:02
OSM530826,O11533442664,O11533455891,天府大道北段,天府大道北段,3,blocked,10,0.1,0.9,2026-06-23T17:30:02
OSM530827,O11533455891,O11533455892,天府大道北段,天府大道北段,3,blocked,10,0.1,0.9,2026-06-23T17:30:02
OSM530828,O11533455892,O11533455893,天府大道北段,天府大道北段,3,blocked,10,0.1,0.9,2026-06-23T17:30:02
OSM530829,O11533455893,O11533455894,天府大道北段,天府大道北段,3,blocked,10,0.1,0.9,2026-06-23T17:30:02
OSM530830,O11533455894,O11533455895,天府大道北段,天府大道北段,3,blocked,10,0.1,0.9,2026-06-23T17:30:02
OSM530831,O11533455895,O11533455896,天府大道北段,天府大道北段,3,blocked,10,0.1,0.9,2026-06-23T17:30:02
OSM530832,O11533455896,O11533455897,天府大道北段,天府大道北段,3,blocked,10,0.1,0.9,2026-06-23T17:30:02
OSM530833,O11533455897,O11533455898,天府大道北段,天府大道北段,3,blocked,10,0.1,0.9,2026-06-23T17:30:02
OSM530834,O11533455898,O11533455936,天府大道北段,天府大道北段,3,blocked,10,0.1,0.9,2026-06-23T17:30:02
OSM530835,O11533455935,O8396633401,天府大道北段,天府大道北段,3,blocked,10,0.1,0.9,2026-06-23T17:30:02
OSM530836,O8396633401,O8396633398,天府大道北段,天府大道北段,3,blocked,10,0.1,0.9,2026-06-23T17:30:02
OSM530837,O8396633398,O11533455869,天府大道北段,天府大道北段,3,blocked,10,0.1,0.9,2026-06-23T17:30:02
OSM530838,O11533455869,O8396633400,天府大道北段,天府大道北段,3,blocked,10,0.1,0.9,2026-06-23T17:30:02
OSM530839,O8396633400,O8396633397,天府大道北段,天府大道北段,3,blocked,10,0.1,0.9,2026-06-23T17:30:02
OSM530840,O8396633397,O11533442668,天府大道北段,天府大道北段,3,blocked,10,0.1,0.9,2026-06-23T17:30:02
OSM530841,O11533442668,O8396633396,天府大道北段,天府大道北段,3,blocked,10,0.1,0.9,2026-06-23T17:30:02
OSM530842,O8396633396,O11533442667,天府大道北段,天府大道北段,3,blocked,10,0.1,0.9,2026-06-23T17:30:02
OSM530843,O11533442667,O11533442666,天府大道北段,天府大道北段,3,blocked,10,0.1,0.9,2026-06-23T17:30:02
OSM530844,O11533442666,O11533442665,天府大道北段,天府大道北段,3,blocked,10,0.1,0.9,2026-06-23T17:30:02
OSM530845,O11533455934,O8396633399,天府大道北段,天府大道北段,3,blocked,10,0.1,0.9,2026-06-23T17:30:02
OSM530846,O8396633399,O11533455904,天府大道北段,天府大道北段,3,blocked,10,0.1,0.9,2026-06-23T17:30:02
OSM530847,O11533455904,O11533455935,天府大道北段,天府大道北段,3,blocked,10,0.1,0.9,2026-06-23T17:30:02
OSM530848,O11533455936,O11533455937,天府大道北段,天府大道北段,3,blocked,10,0.1,0.9,2026-06-23T17:30:02
OSM530849,O11533455937,O11533455899,天府大道北段,天府大道北段,3,blocked,10,0.1,0.9,2026-06-23T17:30:02
OSM530850,O11533455899,O11533455933,天府大道北段,天府大道北段,3,blocked,10,0.1,0.9,2026-06-23T17:30:02
OSM530851,O11533455933,O11533455900,天府大道北段,天府大道北段,3,blocked,10,0.1,0.9,2026-06-23T17:30:02
OSM530852,O11533455900,O11533455901,天府大道北段,天府大道北段,3,blocked,10,0.1,0.9,2026-06-23T17:30:02
OSM530853,O11533455901,O11533455902,天府大道北段,天府大道北段,3,blocked,10,0.1,0.9,2026-06-23T17:30:02
OSM530854,O11533455902,O11533455938,天府大道北段,天府大道北段,3,blocked,10,0.1,0.9,2026-06-23T17:30:02
OSM530855,O11533455938,O11533455939,天府大道北段,天府大道北段,3,blocked,10,0.1,0.9,2026-06-23T17:30:02
OSM530856,O11533455941,O9176042977,天府大道北段,天府大道北段,3,blocked,10,0.1,0.9,2026-06-23T17:30:02
OSM530857,O9176042977,O11533455870,天府大道北段,天府大道北段,3,blocked,10,0.1,0.9,2026-06-23T17:30:02
OSM530858,O11533455870,O11533455903,天府大道北段,天府大道北段,3,blocked,10,0.1,0.9,2026-06-23T17:30:02
OSM530859,O11533455903,O9176042978,天府大道北段,天府大道北段,3,blocked,10,0.1,0.9,2026-06-23T17:30:02
OSM530860,O9176042978,O11533455934,天府大道北段,天府大道北段,3,blocked,10,0.1,0.9,2026-06-23T17:30:02
OSM530861,O11533455940,O11533455942,天府大道北段,天府大道北段,3,blocked,10,0.1,0.9,2026-06-23T17:30:02
OSM530862,O11533455942,O11533455941,天府大道北段,天府大道北段,3,blocked,10,0.1,0.9,2026-06-23T17:30:02
OSM530865,O11533455939,O11533455905,天府大道北段,天府大道北段,3,blocked,10,0.1,0.9,2026-06-23T17:30:02
OSM530866,O11533455905,O11533455906,天府大道北段,天府大道北段,3,blocked,10,0.1,0.9,2026-06-23T17:30:02
OSM530867,O11533455906,O11533455944,天府大道北段,天府大道北段,3,blocked,10,0.1,0.9,2026-06-23T17:30:02
OSM530868,O11533455945,O11533455940,天府大道北段,天府大道北段,3,blocked,10,0.1,0.9,2026-06-23T17:30:02
OSM530869,O11533455946,O8396633388,天府大道北段,天府大道北段,3,blocked,10,0.1,0.9,2026-06-23T17:30:02
OSM530870,O8396633388,O11533455876,天府大道北段,天府大道北段,3,blocked,10,0.1,0.9,2026-06-23T17:30:02
OSM530871,O11533455876,O11533455875,天府大道北段,天府大道北段,3,blocked,10,0.1,0.9,2026-06-23T17:30:02
OSM530872,O11533455875,O8396633389,天府大道北段,天府大道北段,3,blocked,10,0.1,0.9,2026-06-23T17:30:02
OSM530873,O8396633389,O11533455874,天府大道北段,天府大道北段,3,blocked,10,0.1,0.9,2026-06-23T17:30:02
OSM530874,O11533455874,O11533455873,天府大道北段,天府大道北段,3,blocked,10,0.1,0.9,2026-06-23T17:30:02
OSM530875,O11533455873,O11533455872,天府大道北段,天府大道北段,3,blocked,10,0.1,0.9,2026-06-23T17:30:02
OSM530876,O11533455872,O11533455908,天府大道北段,天府大道北段,3,blocked,10,0.1,0.9,2026-06-23T17:30:02
OSM530877,O11533455908,O11533455909,天府大道北段,天府大道北段,3,blocked,10,0.1,0.9,2026-06-23T17:30:02
OSM530878,O11533455909,O11533455871,天府大道北段,天府大道北段,3,blocked,10,0.1,0.9,2026-06-23T17:30:02
OSM530879,O11533455871,O11533455945,天府大道北段,天府大道北段,3,blocked,10,0.1,0.9,2026-06-23T17:30:02
OSM530880,O11533455944,O11533455907,天府大道北段,天府大道北段,3,blocked,10,0.1,0.9,2026-06-23T17:30:02
OSM530881,O11533455907,O11533455910,天府大道北段,天府大道北段,3,blocked,10,0.1,0.9,2026-06-23T17:30:02
OSM530882,O11533455910,O11533455911,天府大道北段,天府大道北段,3,blocked,10,0.1,0.9,2026-06-23T17:30:02
OSM530883,O11533455911,O11533455912,天府大道北段,天府大道北段,3,blocked,10,0.1,0.9,2026-06-23T17:30:02
OSM530884,O11533455912,O11533455913,天府大道北段,天府大道北段,3,blocked,10,0.1,0.9,2026-06-23T17:30:02
OSM530885,O11533455913,O11533455914,天府大道北段,天府大道北段,3,blocked,10,0.1,0.9,2026-06-23T17:30:02
OSM530886,O11533455914,O11533455915,天府大道北段,天府大道北段,3,blocked,10,0.1,0.9,2026-06-23T17:30:02
OSM530887,O11533455915,O11533455916,天府大道北段,天府大道北段,3,blocked,10,0.1,0.9,2026-06-23T17:30:02
OSM530888,O11533455916,O11533455917,天府大道北段,天府大道北段,3,blocked,10,0.1,0.9,2026-06-23T17:30:02
OSM530889,O11533455917,O11533455918,天府大道北段,天府大道北段,3,blocked,10,0.1,0.9,2026-06-23T17:30:02
OSM530890,O11533455918,O11533455947,天府大道北段,天府大道北段,3,blocked,10,0.1,0.9,2026-06-23T17:30:02
OSM531093,O11533456248,O11533456249,天府大道北段,天府大道北段,3,blocked,10,0.1,0.9,2026-06-23T17:30:02
OSM531094,O11533456249,O11533456255,天府大道北段,天府大道北段,3,blocked,10,0.1,0.9,2026-06-23T17:30:02
OSM531095,O11533456255,O8293824140,天府大道北段,天府大道北段,3,blocked,10,0.1,0.9,2026-06-23T17:30:02
OSM531096,O8293824140,O11533456397,天府大道北段,天府大道北段,3,blocked,10,0.1,0.9,2026-06-23T17:30:02
OSM531097,O11533456257,O8293824143,天府大道北段,天府大道北段,3,blocked,10,0.1,0.9,2026-06-23T17:30:02
OSM531098,O8293824143,O11533456296,天府大道北段,天府大道北段,3,blocked,10,0.1,0.9,2026-06-23T17:30:02
OSM531099,O11533456296,O11533456248,天府大道北段,天府大道北段,3,blocked,10,0.1,0.9,2026-06-23T17:30:02
OSM531114,O11533456308,O5076405029,天府大道北段,天府大道北段,3,blocked,10,0.1,0.9,2026-06-23T17:30:02
OSM531115,O11533456309,O8396633380,天府大道北段,天府大道北段,3,blocked,10,0.1,0.9,2026-06-23T17:30:02
OSM531116,O8396633380,O11533456307,天府大道北段,天府大道北段,3,blocked,10,0.1,0.9,2026-06-23T17:30:02
OSM531117,O11533456307,O9176042975,天府大道北段,天府大道北段,3,blocked,10,0.1,0.9,2026-06-23T17:30:02
OSM531118,O9176042975,O11533456308,天府大道北段,天府大道北段,3,blocked,10,0.1,0.9,2026-06-23T17:30:02
OSM531119,O8293824145,O11533456353,天府大道北段,天府大道北段,3,blocked,10,0.1,0.9,2026-06-23T17:30:02
OSM531120,O11533456353,O11533456354,天府大道北段,天府大道北段,3,blocked,10,0.1,0.9,2026-06-23T17:30:02
OSM531121,O11533456354,O11533456355,天府大道北段,天府大道北段,3,blocked,10,0.1,0.9,2026-06-23T17:30:02
OSM531122,O11533456355,O11533456356,天府大道北段,天府大道北段,3,blocked,10,0.1,0.9,2026-06-23T17:30:02
OSM531123,O11533456356,O8293824144,天府大道北段,天府大道北段,3,blocked,10,0.1,0.9,2026-06-23T17:30:02
OSM531124,O8293824144,O11533456257,天府大道北段,天府大道北段,3,blocked,10,0.1,0.9,2026-06-23T17:30:02
OSM531125,O11533456310,O11533456311,天府大道北段,天府大道北段,3,blocked,10,0.1,0.9,2026-06-23T17:30:02
OSM531126,O11533456312,O11533456241,天府大道北段,天府大道北段,3,blocked,10,0.1,0.9,2026-06-23T17:30:02
OSM531127,O11533456241,O11533456315,天府大道北段,天府大道北段,3,blocked,10,0.1,0.9,2026-06-23T17:30:02
OSM531128,O11533456313,O11533456312,天府大道北段,天府大道北段,3,blocked,10,0.1,0.9,2026-06-23T17:30:02
OSM531129,O8293824146,O11533456310,天府大道北段,天府大道北段,3,blocked,10,0.1,0.9,2026-06-23T17:30:02
OSM531130,O11533456315,O11533456316,天府大道北段,天府大道北段,3,blocked,10,0.1,0.9,2026-06-23T17:30:02
OSM531131,O11533456316,O8293824146,天府大道北段,天府大道北段,3,blocked,10,0.1,0.9,2026-06-23T17:30:02
OSM531132,O11533456240,O8293824148,天府大道北段,天府大道北段,3,blocked,10,0.1,0.9,2026-06-23T17:30:02
OSM531133,O8293824148,O11533456313,天府大道北段,天府大道北段,3,blocked,10,0.1,0.9,2026-06-23T17:30:02
OSM531134,O11533456317,O11533456240,天府大道北段,天府大道北段,3,blocked,10,0.1,0.9,2026-06-23T17:30:02
OSM531135,O11533456319,O11533456317,天府大道北段,天府大道北段,3,blocked,10,0.1,0.9,2026-06-23T17:30:02
OSM531136,O11533456318,O11533456319,天府大道北段,天府大道北段,3,blocked,10,0.1,0.9,2026-06-23T17:30:02
OSM531137,O11533456321,O11533456239,天府大道北段,天府大道北段,3,blocked,10,0.1,0.9,2026-06-23T17:30:02
OSM531138,O11533456239,O11533456318,天府大道北段,天府大道北段,3,blocked,10,0.1,0.9,2026-06-23T17:30:02
OSM531139,O11533456320,O11533456321,天府大道北段,天府大道北段,3,blocked,10,0.1,0.9,2026-06-23T17:30:02
OSM531140,O11533456322,O8293824150,天府大道北段,天府大道北段,3,blocked,10,0.1,0.9,2026-06-23T17:30:02
OSM531141,O8293824150,O8293824149,天府大道北段,天府大道北段,3,blocked,10,0.1,0.9,2026-06-23T17:30:02
OSM531142,O8293824149,O11533456320,天府大道北段,天府大道北段,3,blocked,10,0.1,0.9,2026-06-23T17:30:02
OSM531143,O5076405025,O11533456389,天府大道北段,天府大道北段,3,blocked,10,0.1,0.9,2026-06-23T17:30:02
OSM531144,O11533456389,O11533456388,天府大道北段,天府大道北段,3,blocked,10,0.1,0.9,2026-06-23T17:30:02
OSM531145,O11533456388,O11533456387,天府大道北段,天府大道北段,3,blocked,10,0.1,0.9,2026-06-23T17:30:02
OSM531146,O11533456387,O11533456386,天府大道北段,天府大道北段,3,blocked,10,0.1,0.9,2026-06-23T17:30:02
OSM531147,O11533456386,O11533456385,天府大道北段,天府大道北段,3,blocked,10,0.1,0.9,2026-06-23T17:30:02
OSM531164,O11533456395,O11533456394,天府大道北段,天府大道北段,3,blocked,10,0.1,0.9,2026-06-23T17:30:02
OSM531185,O11533456366,O11533456396,天府大道北段,天府大道北段,3,blocked,10,0.1,0.9,2026-06-23T17:30:02
OSM531186,O8293824139,O8293824138,天府大道北段,天府大道北段,3,blocked,10,0.1,0.9,2026-06-23T17:30:02
OSM531187,O8293824138,O8293824137,天府大道北段,天府大道北段,3,blocked,10,0.1,0.9,2026-06-23T17:30:02
OSM531188,O8293824137,O11533456395,天府大道北段,天府大道北段,3,blocked,10,0.1,0.9,2026-06-23T17:30:02
OSM531189,O11533456397,O11533456489,天府大道北段,天府大道北段,3,blocked,10,0.1,0.9,2026-06-23T17:30:02
OSM531190,O11533456489,O8293824139,天府大道北段,天府大道北段,3,blocked,10,0.1,0.9,2026-06-23T17:30:02
OSM531191,O11533456396,O11533456365,天府大道北段,天府大道北段,3,blocked,10,0.1,0.9,2026-06-23T17:30:02
OSM531192,O11533456365,O11533456398,天府大道北段,天府大道北段,3,blocked,10,0.1,0.9,2026-06-23T17:30:02
OSM531193,O11533456398,O11533456364,天府大道北段,天府大道北段,3,blocked,10,0.1,0.9,2026-06-23T17:30:02
OSM531194,O11533456364,O11533456363,天府大道北段,天府大道北段,3,blocked,10,0.1,0.9,2026-06-23T17:30:02
OSM531195,O11533456363,O11533456362,天府大道北段,天府大道北段,3,blocked,10,0.1,0.9,2026-06-23T17:30:02
OSM531196,O11533456362,O11533456400,天府大道北段,天府大道北段,3,blocked,10,0.1,0.9,2026-06-23T17:30:02
OSM531197,O11533456400,O11533456399,天府大道北段,天府大道北段,3,blocked,10,0.1,0.9,2026-06-23T17:30:02
OSM531198,O11533456399,O11533456401,天府大道北段,天府大道北段,3,blocked,10,0.1,0.9,2026-06-23T17:30:02
OSM531199,O11533456401,O11533456361,天府大道北段,天府大道北段,3,blocked,10,0.1,0.9,2026-06-23T17:30:02
OSM531200,O11533456311,O11533456402,天府大道北段,天府大道北段,3,blocked,10,0.1,0.9,2026-06-23T17:30:02
OSM531201,O11533456402,O8293824145,天府大道北段,天府大道北段,3,blocked,10,0.1,0.9,2026-06-23T17:30:02
OSM531202,O11533456361,O11533456360,天府大道北段,天府大道北段,3,blocked,10,0.1,0.9,2026-06-23T17:30:02
OSM531203,O11533456360,O11533456359,天府大道北段,天府大道北段,3,blocked,10,0.1,0.9,2026-06-23T17:30:02
OSM531204,O11533456359,O11533456358,天府大道北段,天府大道北段,3,blocked,10,0.1,0.9,2026-06-23T17:30:02
OSM531205,O11533456358,O11533456357,天府大道北段,天府大道北段,3,blocked,10,0.1,0.9,2026-06-23T17:30:02
OSM531206,O11533456357,O11533456352,天府大道北段,天府大道北段,3,blocked,10,0.1,0.9,2026-06-23T17:30:02
OSM531207,O11533456352,O11533456351,天府大道北段,天府大道北段,3,blocked,10,0.1,0.9,2026-06-23T17:30:02
OSM531208,O11533456351,O11533456350,天府大道北段,天府大道北段,3,blocked,10,0.1,0.9,2026-06-23T17:30:02
OSM531209,O11533456350,O11533456349,天府大道北段,天府大道北段,3,blocked,10,0.1,0.9,2026-06-23T17:30:02
OSM531210,O11533456349,O11533456348,天府大道北段,天府大道北段,3,blocked,10,0.1,0.9,2026-06-23T17:30:02
OSM531211,O11533456348,O11533456347,天府大道北段,天府大道北段,3,blocked,10,0.1,0.9,2026-06-23T17:30:02
OSM531212,O11533456347,O11533456403,天府大道北段,天府大道北段,3,blocked,10,0.1,0.9,2026-06-23T17:30:02
OSM531213,O11533456403,O11533456346,天府大道北段,天府大道北段,3,blocked,10,0.1,0.9,2026-06-23T17:30:02
OSM531214,O11533456346,O11533456345,天府大道北段,天府大道北段,3,blocked,10,0.1,0.9,2026-06-23T17:30:02
OSM531215,O11533456345,O11533456344,天府大道北段,天府大道北段,3,blocked,10,0.1,0.9,2026-06-23T17:30:02
OSM531216,O11533456344,O11533456343,天府大道北段,天府大道北段,3,blocked,10,0.1,0.9,2026-06-23T17:30:02
OSM531217,O11533456343,O11533456342,天府大道北段,天府大道北段,3,blocked,10,0.1,0.9,2026-06-23T17:30:02
OSM531218,O11533456342,O11533456404,天府大道北段,天府大道北段,3,blocked,10,0.1,0.9,2026-06-23T17:30:02
OSM531219,O11533456404,O11533456341,天府大道北段,天府大道北段,3,blocked,10,0.1,0.9,2026-06-23T17:30:02
OSM531220,O11533456341,O11533456405,天府大道北段,天府大道北段,3,blocked,10,0.1,0.9,2026-06-23T17:30:02
OSM531221,O11533456405,O11533456406,天府大道北段,天府大道北段,3,blocked,10,0.1,0.9,2026-06-23T17:30:02
OSM531222,O11533456406,O11533456340,天府大道北段,天府大道北段,3,blocked,10,0.1,0.9,2026-06-23T17:30:02
OSM531223,O11533456340,O11533456412,天府大道北段,天府大道北段,3,blocked,10,0.1,0.9,2026-06-23T17:30:02
OSM531224,O11533456412,O11533456413,天府大道北段,天府大道北段,3,blocked,10,0.1,0.9,2026-06-23T17:30:02
OSM531225,O11533456413,O11533456339,天府大道北段,天府大道北段,3,blocked,10,0.1,0.9,2026-06-23T17:30:02
OSM531226,O11533456339,O11533456338,天府大道北段,天府大道北段,3,blocked,10,0.1,0.9,2026-06-23T17:30:02
OSM531227,O11533456338,O11533456337,天府大道北段,天府大道北段,3,blocked,10,0.1,0.9,2026-06-23T17:30:02
OSM531228,O11533456337,O11533456336,天府大道北段,天府大道北段,3,blocked,10,0.1,0.9,2026-06-23T17:30:02
OSM531229,O11533456336,O11533456335,天府大道北段,天府大道北段,3,blocked,10,0.1,0.9,2026-06-23T17:30:02
OSM531230,O11533456335,O11533456414,天府大道北段,天府大道北段,3,blocked,10,0.1,0.9,2026-06-23T17:30:02
OSM531231,O11533456414,O11533456334,天府大道北段,天府大道北段,3,blocked,10,0.1,0.9,2026-06-23T17:30:02
OSM531232,O11533456334,O11533456333,天府大道北段,天府大道北段,3,blocked,10,0.1,0.9,2026-06-23T17:30:02
OSM531233,O11533456333,O11533456332,天府大道北段,天府大道北段,3,blocked,10,0.1,0.9,2026-06-23T17:30:02
OSM531234,O11533456332,O11533456331,天府大道北段,天府大道北段,3,blocked,10,0.1,0.9,2026-06-23T17:30:02
OSM531235,O11533456331,O11533456330,天府大道北段,天府大道北段,3,blocked,10,0.1,0.9,2026-06-23T17:30:02
OSM531236,O11533456330,O11533456329,天府大道北段,天府大道北段,3,blocked,10,0.1,0.9,2026-06-23T17:30:02
OSM531237,O11533456329,O11533456328,天府大道北段,天府大道北段,3,blocked,10,0.1,0.9,2026-06-23T17:30:02
OSM531238,O11533456328,O11533456327,天府大道北段,天府大道北段,3,blocked,10,0.1,0.9,2026-06-23T17:30:02
OSM531239,O11533456327,O11533456326,天府大道北段,天府大道北段,3,blocked,10,0.1,0.9,2026-06-23T17:30:02
OSM531240,O11533456326,O11533456325,天府大道北段,天府大道北段,3,blocked,10,0.1,0.9,2026-06-23T17:30:02
OSM531241,O11533456325,O11533456324,天府大道北段,天府大道北段,3,blocked,10,0.1,0.9,2026-06-23T17:30:02
OSM531242,O11533456324,O11533456323,天府大道北段,天府大道北段,3,blocked,10,0.1,0.9,2026-06-23T17:30:02
OSM531243,O11533456323,O11533456415,天府大道北段,天府大道北段,3,blocked,10,0.1,0.9,2026-06-23T17:30:02
OSM546741,O436388608,O11992312368,天府大道北段,天府大道北段,3,blocked,10,0.1,0.9,2026-06-23T17:30:02
OSM546742,O11992316969,O436388582,天府大道北段,天府大道北段,3,blocked,10,0.1,0.9,2026-06-23T17:30:02
OSM546743,O11992316970,O436388613,天府大道北段,天府大道北段,3,blocked,10,0.1,0.9,2026-06-23T17:30:02
OSM546744,O436388572,O11992316971,天府大道北段,天府大道北段,3,blocked,10,0.1,0.9,2026-06-23T17:30:02
OSM552880,O1900833884,O7820655138,天府大道中段,天府大道中段,2,congested,20,0.1,0.6,2026-06-23T17:30:02
OSM552881,O7820655138,O3043268869,天府大道中段,天府大道中段,2,congested,20,0.1,0.6,2026-06-23T17:30:02
OSM552882,O3043268869,O9381554778,天府大道中段,天府大道中段,2,congested,20,0.1,0.6,2026-06-23T17:30:02
OSM552883,O9381554778,O2134841450,天府大道中段,天府大道中段,2,congested,20,0.1,0.6,2026-06-23T17:30:02
OSM552890,O2134841439,O10781231321,天府大道中段,天府大道中段,2,congested,20,0.1,0.6,2026-06-23T17:30:02
OSM552891,O10781231321,O1900833886,天府大道中段,天府大道中段,2,congested,20,0.1,0.6,2026-06-23T17:30:02
OSM562273,O12681133061,O9176014088,天府大道北段,天府大道北段,3,blocked,10,0.1,0.9,2026-06-23T17:30:02
OSM562274,O9176014088,O11533456237,天府大道北段,天府大道北段,3,blocked,10,0.1,0.9,2026-06-23T17:30:02
OSM562324,O11533456415,O9176014089,天府大道北段,天府大道北段,3,blocked,10,0.1,0.9,2026-06-23T17:30:02
OSM562325,O9176014089,O12681133097,天府大道北段,天府大道北段,3,blocked,10,0.1,0.9,2026-06-23T17:30:02
